21,5131,Blob触发器所属的调度器名称,"调度器,名称,SCHED_NAME","调度实例名,计划任务调度器",Blob触发器属于哪个调度器？,任务调度,0.9500,AI,2026-08-12 09:26:47.6811191,"表: QRTZ_BLOB_TRIGGERS   字段: SCHED_NAME   字段说明:    业务含义: Blob触发器所属的调度器名称   关键词: 调度器,名称,SCHED_NAME   同义词: 调度实例名,计划任务调度器   示例问题: Blob触发器属于哪个调度器？   业务领域: 任务调度 ",6ef28d85-c7b4-48df-80a3-bd169fe0440d,NULL,NULL
22,5132,Blob触发器所属的触发器组名称,"触发器,组,TRIGGER_GROUP",触发器分组,Blob触发器属于哪个组？,任务调度,0.9500,AI,2026-08-12 09:26:47.7913130,"表: QRTZ_BLOB_TRIGGERS   字段: TRIGGER_GROUP   字段说明:    业务含义: Blob触发器所属的触发器组名称   关键词: 触发器,组,TRIGGER_GROUP   同义词: 触发器分组   示例问题: Blob触发器属于哪个组？   业务领域: 任务调度 ",90eeb04b-ca46-4810-96ad-9e5d2fad0163,NULL,NULL
23,5133,Blob触发器的名称,"触发器,名称,TRIGGER_NAME",触发器名,Blob触发器的名称是什么？,任务调度,0.9500,AI,2026-08-12 09:26:47.7935265,"表: QRTZ_BLOB_TRIGGERS   字段: TRIGGER_NAME   字段说明:    业务含义: Blob触发器的名称   关键词: 触发器,名称,TRIGGER_NAME   同义词: 触发器名   示例问题: Blob触发器的名称是什么？   业务领域: 任务调度 ",6064fecf-67c7-4e25-99de-52e274c963cc,NULL,NULL
24,5134,Blob触发器存储的二进制序列化数据,"二进制,数据,BLOB_DATA","Blob数据,序列化数据",Blob触发器存储了什么数据？,任务调度,0.9500,AI,2026-08-12 09:26:47.7937623,"表: QRTZ_BLOB_TRIGGERS   字段: BLOB_DATA   字段说明:    业务含义: Blob触发器存储的二进制序列化数据   关键词: 二进制,数据,BLOB_DATA   同义词: Blob数据,序列化数据   示例问题: Blob触发器存储了什么数据？   业务领域: 任务调度 ",3fa9def3-ed2d-4eb4-a7c5-5084e369197d,NULL,NULL
25,5135,Quartz日历的名称,"日历,名称,CALENDAR_NAME",日历名,系统中有哪些日历？,任务调度,0.9500,AI,2026-08-12 09:26:47.7939355,"表: QRTZ_CALENDARS   字段: CALENDAR_NAME   字段说明:    业务含义: Quartz日历的名称   关键词: 日历,名称,CALENDAR_NAME   同义词: 日历名   示例问题: 系统中有哪些日历？   业务领域: 任务调度 ",0abd1df5-f53a-4721-aa49-9848432615ba,NULL,NULL
26,5136,日历所属的调度器名称,"调度器,名称,SCHED_NAME",调度实例名,日历属于哪个调度器？,任务调度,0.9500,AI,2026-08-12 09:26:47.7940958,"表: QRTZ_CALENDARS   字段: SCHED_NAME   字段说明:    业务含义: 日历所属的调度器名称   关键词: 调度器,名称,SCHED_NAME   同义词: 调度实例名   示例问题: 日历属于哪个调度器？   业务领域: 任务调度 ",d5d2f623-9043-45b1-b050-e14a3cd6b981,NULL,NULL
27,5137,日历的二进制序列化数据,"日历,二进制,CALENDAR",日历数据,日历的具体配置数据是什么？,任务调度,0.9500,AI,2026-08-12 09:26:47.7942634,"表: QRTZ_CALENDARS   字段: CALENDAR   字段说明:    业务含义: 日历的二进制序列化数据   关键词: 日历,二进制,CALENDAR   同义词: 日历数据   示例问题: 日历的具体配置数据是什么？   业务领域: 任务调度 ",ffb8eb6a-038b-4b92-954e-e6af8f959b98,NULL,NULL
28,5138,Cron触发器所属的调度器名称,"调度器,名称,SCHED_NAME",调度实例名,Cron触发器属于哪个调度器？,任务调度,0.9500,AI,2026-08-12 09:26:47.7944004,"表: QRTZ_CRON_TRIGGERS   字段: SCHED_NAME   字段说明:    业务含义: Cron触发器所属的调度器名称   关键词: 调度器,名称,SCHED_NAME   同义词: 调度实例名   示例问题: Cron触发器属于哪个调度器？   业务领域: 任务调度 ",f8ae53e7-4650-4fd5-88ec-2f3e916ca06a,NULL,NULL
29,5139,Cron触发器所属的触发器组名称,"触发器,组,TRIGGER_GROUP",触发器分组,Cron触发器属于哪个组？,任务调度,0.9500,AI,2026-08-12 09:26:47.7945620,"表: QRTZ_CRON_TRIGGERS   字段: TRIGGER_GROUP   字段说明:    业务含义: Cron触发器所属的触发器组名称   关键词: 触发器,组,TRIGGER_GROUP   同义词: 触发器分组   示例问题: Cron触发器属于哪个组？   业务领域: 任务调度 ",982ac553-8fdc-4083-9f06-7d0c5255e06b,NULL,NULL
30,5140,Cron触发器的名称,"触发器,名称,TRIGGER_NAME",触发器名,Cron触发器的名称是什么？,任务调度,0.9500,AI,2026-08-12 09:26:47.7947287,"表: QRTZ_CRON_TRIGGERS   字段: TRIGGER_NAME   字段说明:    业务含义: Cron触发器的名称   关键词: 触发器,名称,TRIGGER_NAME   同义词: 触发器名   示例问题: Cron触发器的名称是什么？   业务领域: 任务调度 ",d8471acc-5586-4a81-843a-21f81538a256,NULL,NULL
31,5141,Cron触发器的Cron表达式，定义执行时间规则,"Cron,表达式,CRON_EXPRESSION","定时规则,时间表达式",Cron触发器的执行规则是什么？;每天凌晨执行的Cron表达式是什么？,任务调度,0.9800,AI,2026-08-12 09:26:47.7949140,"表: QRTZ_CRON_TRIGGERS   字段: CRON_EXPRESSION   字段说明:    业务含义: Cron触发器的Cron表达式，定义执行时间规则   关键词: Cron,表达式,CRON_EXPRESSION   同义词: 定时规则,时间表达式   示例问题: Cron触发器的执行规则是什么？;每天凌晨执行的Cron表达式是什么？   业务领域: 任务调度 ",7b9f890f-1518-464c-a256-e41d46727b40,NULL,NULL
32,5142,Cron触发器使用的时区标识,"时区,TIME_ZONE_ID","时区ID,时区名称",Cron触发器使用的是哪个时区？,任务调度,0.9500,AI,2026-08-12 09:26:47.7950555,"表: QRTZ_CRON_TRIGGERS   字段: TIME_ZONE_ID   字段说明:    业务含义: Cron触发器使用的时区标识   关键词: 时区,TIME_ZONE_ID   同义词: 时区ID,时区名称   示例问题: Cron触发器使用的是哪个时区？   业务领域: 任务调度 ",ce6d8579-aa9a-43cc-ac49-de35177af369,NULL,NULL
33,5143,已触发记录的唯一标识ID,"记录,ID,ENTRY_ID","触发记录ID,流水号",最近一次触发的记录ID是多少？,任务调度,0.9500,AI,2026-08-12 09:26:47.7952003,"表: QRTZ_FIRED_TRIGGERS   字段: ENTRY_ID   字段说明:    业务含义: 已触发记录的唯一标识ID   关键词: 记录,ID,ENTRY_ID   同义词: 触发记录ID,流水号   示例问题: 最近一次触发的记录ID是多少？   业务领域: 任务调度 ",05a430c3-085d-4a87-97c8-c52e7c6c5a17,NULL,NULL
34,5144,已触发记录所属的调度器名称,"调度器,名称,SCHED_NAME",调度实例名,该触发记录属于哪个调度器？,任务调度,0.9500,AI,2026-08-12 09:26:47.7953206,"表: QRTZ_FIRED_TRIGGERS   字段: SCHED_NAME   字段说明:    业务含义: 已触发记录所属的调度器名称   关键词: 调度器,名称,SCHED_NAME   同义词: 调度实例名   示例问题: 该触发记录属于哪个调度器？   业务领域: 任务调度 ",45f8b98d-f03d-4805-a113-eb9dcb147140,NULL,NULL
35,5145,触发器实际被触发的时间戳,"触发,时间,FIRED_TIME","执行时间,触发时间戳",任务是什么时候被触发的？;最近一次触发时间是多少？,任务调度,0.9800,AI,2026-08-12 09:26:47.7954554,"表: QRTZ_FIRED_TRIGGERS   字段: FIRED_TIME   字段说明:    业务含义: 触发器实际被触发的时间戳   关键词: 触发,时间,FIRED_TIME   同义词: 执行时间,触发时间戳   示例问题: 任务是什么时候被触发的？;最近一次触发时间是多少？   业务领域: 任务调度 ",1cbaedb8-8c4f-4eca-8cdb-41032162d25b,NULL,NULL
36,5146,执行该触发器的调度器实例名称,"实例,名称,INSTANCE_NAME","节点名称,实例ID",是哪个调度器实例执行了该任务？,任务调度,0.9500,AI,2026-08-12 09:26:47.7956216,"表: QRTZ_FIRED_TRIGGERS   字段: INSTANCE_NAME   字段说明:    业务含义: 执行该触发器的调度器实例名称   关键词: 实例,名称,INSTANCE_NAME   同义词: 节点名称,实例ID   示例问题: 是哪个调度器实例执行了该任务？   业务领域: 任务调度 ",7aa1105a-d5d3-4d91-bb49-c4bf2e6fc3ce,NULL,NULL
37,5147,标识该触发器是否禁止并发执行,"并发,禁止,IS_NONCONCURRENT","是否防并发,并发控制",该任务是否允许并发执行？,任务调度,0.9500,AI,2026-08-12 09:26:47.7957513,"表: QRTZ_FIRED_TRIGGERS   字段: IS_NONCONCURRENT   字段说明:    业务含义: 标识该触发器是否禁止并发执行   关键词: 并发,禁止,IS_NONCONCURRENT   同义词: 是否防并发,并发控制   示例问题: 该任务是否允许并发执行？   业务领域: 任务调度 ",1d6526f0-683d-4bae-a7bc-a9bd2056e4ee,NULL,NULL
38,5148,已触发记录关联的任务组名称,"任务,组,JOB_GROUP","任务分组,作业组",该触发记录属于哪个任务组？,任务调度,0.9500,AI,2026-08-12 09:26:47.7958715,"表: QRTZ_FIRED_TRIGGERS   字段: JOB_GROUP   字段说明:    业务含义: 已触发记录关联的任务组名称   关键词: 任务,组,JOB_GROUP   同义词: 任务分组,作业组   示例问题: 该触发记录属于哪个任务组？   业务领域: 任务调度 ",7854dc08-2a38-4a4b-aca3-d3114a6f3ac5,NULL,NULL
39,5149,已触发记录关联的任务名称,"任务,名称,JOB_NAME","作业名,任务名",该触发记录执行的是哪个任务？,任务调度,0.9500,AI,2026-08-12 09:26:47.7959947,"表: QRTZ_FIRED_TRIGGERS   字段: JOB_NAME   字段说明:    业务含义: 已触发记录关联的任务名称   关键词: 任务,名称,JOB_NAME   同义词: 作业名,任务名   示例问题: 该触发记录执行的是哪个任务？   业务领域: 任务调度 ",6c87c3cf-b1a6-41d1-8076-24d61fba9e19,NULL,NULL
40,5150,触发器执行时的优先级,"优先级,PRIORITY","执行优先级,权重",该触发器的优先级是多少？,任务调度,0.9500,AI,2026-08-12 09:26:47.7961108,"表: QRTZ_FIRED_TRIGGERS   字段: PRIORITY   字段说明:    业务含义: 触发器执行时的优先级   关键词: 优先级,PRIORITY   同义词: 执行优先级,权重   示例问题: 该触发器的优先级是多少？   业务领域: 任务调度 ",7f2659db-bb72-4863-b89e-58b8c32d7947,NULL,NULL
41,5151,标识任务在调度器故障恢复时是否需要重新执行,"恢复,请求,REQUESTS_RECOVERY","故障恢复,断点续传",该任务在节点宕机后是否需要恢复执行？,任务调度,0.9500,AI,2026-08-12 09:26:47.7962343,"表: QRTZ_FIRED_TRIGGERS   字段: REQUESTS_RECOVERY   字段说明:    业务含义: 标识任务在调度器故障恢复时是否需要重新执行   关键词: 恢复,请求,REQUESTS_RECOVERY   同义词: 故障恢复,断点续传   示例问题: 该任务在节点宕机后是否需要恢复执行？   业务领域: 任务调度 ",98ed2f78-ba3e-49c9-a7e0-a6fad63e7f64,NULL,NULL
42,5152,触发器被调度执行的计划时间戳,"调度,时间,SCHED_TIME","计划执行时间,调度时间戳",任务计划的调度时间是什么？,任务调度,0.9500,AI,2026-08-12 09:26:47.7963465,"表: QRTZ_FIRED_TRIGGERS   字段: SCHED_TIME   字段说明:    业务含义: 触发器被调度执行的计划时间戳   关键词: 调度,时间,SCHED_TIME   同义词: 计划执行时间,调度时间戳   示例问题: 任务计划的调度时间是什么？   业务领域: 任务调度 ",f44abb31-c72b-4fba-880f-1b0c98780fd7,NULL,NULL
43,5153,已触发记录的当前状态（如执行中、完成等）,"状态,STATE","执行状态,触发状态",当前触发记录的状态是什么？;有哪些任务正在执行中？,任务调度,0.9500,AI,2026-08-12 09:26:47.7964718,"表: QRTZ_FIRED_TRIGGERS   字段: STATE   字段说明:    业务含义: 已触发记录的当前状态（如执行中、完成等）   关键词: 状态,STATE   同义词: 执行状态,触发状态   示例问题: 当前触发记录的状态是什么？;有哪些任务正在执行中？   业务领域: 任务调度 ",e51c5b22-884a-4ff2-a281-e03625c91ed8,NULL,NULL
44,5154,已触发记录关联的触发器组名称,"触发器,组,TRIGGER_GROUP",触发器分组,该触发记录属于哪个触发器组？,任务调度,0.9500,AI,2026-08-12 09:26:47.7965831,"表: QRTZ_FIRED_TRIGGERS   字段: TRIGGER_GROUP   字段说明:    业务含义: 已触发记录关联的触发器组名称   关键词: 触发器,组,TRIGGER_GROUP   同义词: 触发器分组   示例问题: 该触发记录属于哪个触发器组？   业务领域: 任务调度 ",ee53e1b7-7916-4edd-aa1f-c92f3be18853,NULL,NULL
45,5155,已触发记录关联的触发器名称,"触发器,名称,TRIGGER_NAME",触发器名,该触发记录是由哪个触发器产生的？,任务调度,0.9500,AI,2026-08-12 09:26:47.7966953,"表: QRTZ_FIRED_TRIGGERS   字段: TRIGGER_NAME   字段说明:    业务含义: 已触发记录关联的触发器名称   关键词: 触发器,名称,TRIGGER_NAME   同义词: 触发器名   示例问题: 该触发记录是由哪个触发器产生的？   业务领域: 任务调度 ",692e151b-67fd-4abf-9d97-ba948b3f3940,NULL,NULL
46,5156,任务详情所属的任务组名称,"任务,组,JOB_GROUP","任务分组,作业组",系统中有哪些任务组？;该任务属于哪个分组？,任务调度,0.9500,AI,2026-08-12 09:26:47.7968274,"表: QRTZ_JOB_DETAILS   字段: JOB_GROUP   字段说明:    业务含义: 任务详情所属的任务组名称   关键词: 任务,组,JOB_GROUP   同义词: 任务分组,作业组   示例问题: 系统中有哪些任务组？;该任务属于哪个分组？   业务领域: 任务调度 ",569285f9-5aa3-447a-b1d1-d9bd19f63dbe,NULL,NULL
47,5157,任务详情中的任务名称,"任务,名称,JOB_NAME","作业名,任务名",系统中配置了哪些定时任务？;该任务的名称是什么？,任务调度,0.9800,AI,2026-08-12 09:26:47.7969409,"表: QRTZ_JOB_DETAILS   字段: JOB_NAME   字段说明:    业务含义: 任务详情中的任务名称   关键词: 任务,名称,JOB_NAME   同义词: 作业名,任务名   示例问题: 系统中配置了哪些定时任务？;该任务的名称是什么？   业务领域: 任务调度 ",00368d5b-ed7d-42e7-9fc0-dd08676bab4d,NULL,NULL
48,5158,任务详情所属的调度器名称,"调度器,名称,SCHED_NAME",调度实例名,该任务配置在哪个调度器中？,任务调度,0.9500,AI,2026-08-12 09:26:47.7970892,"表: QRTZ_JOB_DETAILS   字段: SCHED_NAME   字段说明:    业务含义: 任务详情所属的调度器名称   关键词: 调度器,名称,SCHED_NAME   同义词: 调度实例名   示例问题: 该任务配置在哪个调度器中？   业务领域: 任务调度 ",7bcf7183-b3b6-4437-a0e7-b627578a3cfc,NULL,NULL
49,5159,任务的创建者标识,"创建者,CREATOR","创建人,作者",这个定时任务是谁创建的？,任务调度,0.9000,AI,2026-08-12 09:26:47.7972391,"表: QRTZ_JOB_DETAILS   字段: CREATOR   字段说明:    业务含义: 任务的创建者标识   关键词: 创建者,CREATOR   同义词: 创建人,作者   示例问题: 这个定时任务是谁创建的？   业务领域: 任务调度 ",98f8e180-43f0-4e8b-b778-1ecf75cbbd59,NULL,NULL
50,5160,任务的详细描述信息,"描述,DESCRIPTION","任务说明,备注",该定时任务的具体作用是什么？;任务的描述信息是什么？,任务调度,0.9500,AI,2026-08-12 09:26:47.7973988,"表: QRTZ_JOB_DETAILS   字段: DESCRIPTION   字段说明:    业务含义: 任务的详细描述信息   关键词: 描述,DESCRIPTION   同义词: 任务说明,备注   示例问题: 该定时任务的具体作用是什么？;任务的描述信息是什么？   业务领域: 任务调度 ",d72e601f-979d-4c71-b28d-dd88bc23fd8e,NULL,NULL
51,5161,标识任务在没有关联触发器时是否依然持久化保留,"持久化,IS_DURABLE","是否持久,孤立保留",该任务在没有触发器时会被删除吗？,任务调度,0.9500,AI,2026-08-12 09:26:47.7976066,"表: QRTZ_JOB_DETAILS   字段: IS_DURABLE   字段说明:    业务含义: 标识任务在没有关联触发器时是否依然持久化保留   关键词: 持久化,IS_DURABLE   同义词: 是否持久,孤立保留   示例问题: 该任务在没有触发器时会被删除吗？   业务领域: 任务调度 ",d80fb6da-a9ae-4212-912b-2ec75ff24d25,NULL,NULL
52,5162,标识任务是否禁止并发执行,"并发,禁止,IS_NONCONCURRENT","是否防并发,并发控制",该任务是否禁止并发执行？,任务调度,0.9500,AI,2026-08-12 09:26:47.7977460,"表: QRTZ_JOB_DETAILS   字段: IS_NONCONCURRENT   字段说明:    业务含义: 标识任务是否禁止并发执行   关键词: 并发,禁止,IS_NONCONCURRENT   同义词: 是否防并发,并发控制   示例问题: 该任务是否禁止并发执行？   业务领域: 任务调度 ",7cddd595-fd20-4a9d-8fae-46acbfe00ebf,NULL,NULL
53,5163,标识任务在执行时是否需要更新JobDataMap中的数据,"更新,数据,IS_UPDATE_DATA","是否更新数据,数据覆盖",任务执行后是否会更新其携带的数据？,任务调度,0.9000,AI,2026-08-12 09:26:47.7978803,"表: QRTZ_JOB_DETAILS   字段: IS_UPDATE_DATA   字段说明:    业务含义: 标识任务在执行时是否需要更新JobDataMap中的数据   关键词: 更新,数据,IS_UPDATE_DATA   同义词: 是否更新数据,数据覆盖   示例问题: 任务执行后是否会更新其携带的数据？   业务领域: 任务调度 ",ec1b636c-d062-4285-b6f8-a22ec20d2b89,NULL,NULL
54,5164,执行该任务的具体Java类全限定名,"类名,JOB_CLASS_NAME","执行类,Java类名",该定时任务是由哪个Java类执行的？,任务调度,0.9500,AI,2026-08-12 09:26:47.7980207,"表: QRTZ_JOB_DETAILS   字段: JOB_CLASS_NAME   字段说明:    业务含义: 执行该任务的具体Java类全限定名   关键词: 类名,JOB_CLASS_NAME   同义词: 执行类,Java类名   示例问题: 该定时任务是由哪个Java类执行的？   业务领域: 任务调度 ",e90cadd7-eab5-4b9c-bd50-11eb0dda09b4,NULL,NULL
55,5165,任务携带的二进制序列化参数数据,"任务,数据,JOB_DATA","任务参数,JobDataMap",该任务执行时传递了哪些参数？,任务调度,0.9500,AI,2026-08-12 09:26:47.7982635,"表: QRTZ_JOB_DETAILS   字段: JOB_DATA   字段说明:    业务含义: 任务携带的二进制序列化参数数据   关键词: 任务,数据,JOB_DATA   同义词: 任务参数,JobDataMap   示例问题: 该任务执行时传递了哪些参数？   业务领域: 任务调度 ",57f532d4-4f29-4de7-88be-90574cbec049,NULL,NULL
56,5166,标识任务在调度器故障恢复时是否需要重新执行,"恢复,请求,REQUESTS_RECOVERY","故障恢复,断点续传",该任务在节点宕机后是否需要恢复执行？,任务调度,0.9500,AI,2026-08-12 09:26:47.7984164,"表: QRTZ_JOB_DETAILS   字段: REQUESTS_RECOVERY   字段说明:    业务含义: 标识任务在调度器故障恢复时是否需要重新执行   关键词: 恢复,请求,REQUESTS_RECOVERY   同义词: 故障恢复,断点续传   示例问题: 该任务在节点宕机后是否需要恢复执行？   业务领域: 任务调度 ",97b753d7-1e1a-4ce6-baa0-ceb43ef5c8c4,NULL,NULL
57,5167,调度器集群中使用的分布式锁名称,"锁,名称,LOCK_NAME","分布式锁,锁标识",系统中使用了哪些分布式锁？,任务调度,0.9500,AI,2026-08-12 09:26:47.7985623,"表: QRTZ_LOCKS   字段: LOCK_NAME   字段说明:    业务含义: 调度器集群中使用的分布式锁名称   关键词: 锁,名称,LOCK_NAME   同义词: 分布式锁,锁标识   示例问题: 系统中使用了哪些分布式锁？   业务领域: 任务调度 ",6c1e3e0f-9f0f-4527-9960-060a497cf963,NULL,NULL
58,5168,分布式锁所属的调度器名称,"调度器,名称,SCHED_NAME",调度实例名,该分布式锁属于哪个调度器？,任务调度,0.9500,AI,2026-08-12 09:26:47.7987095,"表: QRTZ_LOCKS   字段: SCHED_NAME   字段说明:    业务含义: 分布式锁所属的调度器名称   关键词: 调度器,名称,SCHED_NAME   同义词: 调度实例名   示例问题: 该分布式锁属于哪个调度器？   业务领域: 任务调度 ",c35d0fe7-0c21-4db4-ae15-c50259408fe4,NULL,NULL
59,5169,暂停的触发器组所属的调度器名称,"调度器,名称,SCHED_NAME",调度实例名,被暂停的触发器组属于哪个调度器？,任务调度,0.9500,AI,2026-08-12 09:26:47.7988632,"表: QRTZ_PAUSED_TRIGGER_GRPS   字段: SCHED_NAME   字段说明:    业务含义: 暂停的触发器组所属的调度器名称   关键词: 调度器,名称,SCHED_NAME   同义词: 调度实例名   示例问题: 被暂停的触发器组属于哪个调度器？   业务领域: 任务调度 ",1b628d00-73ac-44a6-a358-436ab84a8974,NULL,NULL
60,5170,被暂停执行的触发器组名称,"触发器,组,TRIGGER_GROUP",暂停的触发器分组,当前有哪些触发器组被暂停了？,任务调度,0.9500,AI,2026-08-12 09:26:47.7990053,"表: QRTZ_PAUSED_TRIGGER_GRPS   字段: TRIGGER_GROUP   字段说明:    业务含义: 被暂停执行的触发器组名称   关键词: 触发器,组,TRIGGER_GROUP   同义词: 暂停的触发器分组   示例问题: 当前有哪些触发器组被暂停了？   业务领域: 任务调度 ",1d205bc3-8617-4864-8888-4963e8835a56,NULL,NULL
61,5171,调度器集群中的节点实例名称,"实例,名称,INSTANCE_NAME","节点名称,实例ID",当前集群中有哪些调度器节点？,任务调度,0.9500,AI,2026-08-12 09:26:47.7991755,"表: QRTZ_SCHEDULER_STATE   字段: INSTANCE_NAME   字段说明:    业务含义: 调度器集群中的节点实例名称   关键词: 实例,名称,INSTANCE_NAME   同义词: 节点名称,实例ID   示例问题: 当前集群中有哪些调度器节点？   业务领域: 任务调度 ",6ed21713-8386-4023-9f79-7f2e9b6335cd,NULL,NULL
62,5172,调度器状态所属的调度器名称,"调度器,名称,SCHED_NAME",调度实例名,该节点状态属于哪个调度器？,任务调度,0.9500,AI,2026-08-12 09:26:47.7993118,"表: QRTZ_SCHEDULER_STATE   字段: SCHED_NAME   字段说明:    业务含义: 调度器状态所属的调度器名称   关键词: 调度器,名称,SCHED_NAME   同义词: 调度实例名   示例问题: 该节点状态属于哪个调度器？   业务领域: 任务调度 ",7a86f28d-a92d-4c70-b404-517497982672,NULL,NULL
63,5173,调度器节点向数据库检入心跳的时间间隔,"检入,间隔,CHECKIN_INTERVAL","心跳间隔,检入频率",调度器节点的心跳检入间隔是多少？,任务调度,0.9500,AI,2026-08-12 09:26:47.7994496,"表: QRTZ_SCHEDULER_STATE   字段: CHECKIN_INTERVAL   字段说明:    业务含义: 调度器节点向数据库检入心跳的时间间隔   关键词: 检入,间隔,CHECKIN_INTERVAL   同义词: 心跳间隔,检入频率   示例问题: 调度器节点的心跳检入间隔是多少？   业务领域: 任务调度 ",95e12adf-d9ef-4bc6-bb34-45c342e27f8d,NULL,NULL
64,5174,调度器节点最后一次向数据库检入心跳的时间,"最后,检入,时间,LAST_CHECKIN_TIME","最后心跳时间,最后检入时间",调度器节点最后一次心跳是什么时候？;是否有节点掉线？,任务调度,0.9500,AI,2026-08-12 09:26:47.7996438,"表: QRTZ_SCHEDULER_STATE   字段: LAST_CHECKIN_TIME   字段说明:    业务含义: 调度器节点最后一次向数据库检入心跳的时间   关键词: 最后,检入,时间,LAST_CHECKIN_TIME   同义词: 最后心跳时间,最后检入时间   示例问题: 调度器节点最后一次心跳是什么时候？;是否有节点掉线？   业务领域: 任务调度 ",d4bd0558-9678-467d-b4a4-b19d6944df3b,NULL,NULL
65,5175,简单触发器所属的调度器名称,"调度器,名称,SCHED_NAME",调度实例名,简单触发器属于哪个调度器？,任务调度,0.9500,AI,2026-08-12 09:26:47.7997948,"表: QRTZ_SIMPLE_TRIGGERS   字段: SCHED_NAME   字段说明:    业务含义: 简单触发器所属的调度器名称   关键词: 调度器,名称,SCHED_NAME   同义词: 调度实例名   示例问题: 简单触发器属于哪个调度器？   业务领域: 任务调度 ",f3778ecd-eb98-4930-9248-fbee66ab7ce4,NULL,NULL
66,5176,简单触发器所属的触发器组名称,"触发器,组,TRIGGER_GROUP",触发器分组,简单触发器属于哪个组？,任务调度,0.9500,AI,2026-08-12 09:26:47.7999297,"表: QRTZ_SIMPLE_TRIGGERS   字段: TRIGGER_GROUP   字段说明:    业务含义: 简单触发器所属的触发器组名称   关键词: 触发器,组,TRIGGER_GROUP   同义词: 触发器分组   示例问题: 简单触发器属于哪个组？   业务领域: 任务调度 ",a092c870-ec5a-498c-a37e-d4060fc1b4e2,NULL,NULL
67,5177,简单触发器的名称,"触发器,名称,TRIGGER_NAME",触发器名,简单触发器的名称是什么？,任务调度,0.9500,AI,2026-08-12 09:26:47.8000533,"表: QRTZ_SIMPLE_TRIGGERS   字段: TRIGGER_NAME   字段说明:    业务含义: 简单触发器的名称   关键词: 触发器,名称,TRIGGER_NAME   同义词: 触发器名   示例问题: 简单触发器的名称是什么？   业务领域: 任务调度 ",e74ab106-a4e7-4be2-9771-25832b821394,NULL,NULL
68,5178,简单触发器配置的重复执行次数,"重复,次数,REPEAT_COUNT","执行次数,循环次数",该简单触发器会重复执行多少次？,任务调度,0.9500,AI,2026-08-12 09:26:47.8001762,"表: QRTZ_SIMPLE_TRIGGERS   字段: REPEAT_COUNT   字段说明:    业务含义: 简单触发器配置的重复执行次数   关键词: 重复,次数,REPEAT_COUNT   同义词: 执行次数,循环次数   示例问题: 该简单触发器会重复执行多少次？   业务领域: 任务调度 ",c17f919c-7aaf-49b6-a4be-2d4609cfbfc6,NULL,NULL
69,5179,简单触发器配置的重复执行时间间隔,"重复,间隔,REPEAT_INTERVAL","执行间隔,循环间隔",该简单触发器每次执行的间隔时间是多少？,任务调度,0.9500,AI,2026-08-12 09:26:47.8003154,"表: QRTZ_SIMPLE_TRIGGERS   字段: REPEAT_INTERVAL   字段说明:    业务含义: 简单触发器配置的重复执行时间间隔   关键词: 重复,间隔,REPEAT_INTERVAL   同义词: 执行间隔,循环间隔   示例问题: 该简单触发器每次执行的间隔时间是多少？   业务领域: 任务调度 ",b1f87d3b-900b-4a40-b227-2d682f60d830,NULL,NULL
70,5180,简单触发器已经触发的总次数,"已触发,次数,TIMES_TRIGGERED","触发次数,执行次数",该简单触发器已经执行了多少次？,任务调度,0.9500,AI,2026-08-12 09:26:47.8004406,"表: QRTZ_SIMPLE_TRIGGERS   字段: TIMES_TRIGGERED   字段说明:    业务含义: 简单触发器已经触发的总次数   关键词: 已触发,次数,TIMES_TRIGGERED   同义词: 触发次数,执行次数   示例问题: 该简单触发器已经执行了多少次？   业务领域: 任务调度 ",1c82cb4f-406a-4db4-af68-c4ec8d3ef44f,NULL,NULL
71,5181,调度器名称，标识所属的Quartz调度器实例,"调度器,名称,实例","Scheduler名称,调度实例名",当前有哪些调度器实例？; 调度器的名称是什么？,系统调度,0.9500,AI,2026-08-12 09:26:47.8005696,"表: QRTZ_SIMPROP_TRIGGERS   字段: SCHED_NAME   字段说明:    业务含义: 调度器名称，标识所属的Quartz调度器实例   关键词: 调度器,名称,实例   同义词: Scheduler名称,调度实例名   示例问题: 当前有哪些调度器实例？; 调度器的名称是什么？   业务领域: 系统调度 ",b3f49579-01f8-4d63-a563-15434b30361e,NULL,NULL
72,5182,触发器组名称，用于对触发器进行逻辑分组,"触发器,组,分组","Trigger组名,触发器分组",触发器属于哪个组？; 有哪些触发器组？,系统调度,0.9500,AI,2026-08-12 09:26:47.8007213,"表: QRTZ_SIMPROP_TRIGGERS   字段: TRIGGER_GROUP   字段说明:    业务含义: 触发器组名称，用于对触发器进行逻辑分组   关键词: 触发器,组,分组   同义词: Trigger组名,触发器分组   示例问题: 触发器属于哪个组？; 有哪些触发器组？   业务领域: 系统调度 ",df35821e-66c8-4862-a016-69c74e521706,NULL,NULL
73,5183,触发器名称，唯一标识一个触发器,"触发器,名称,标识","Trigger名称,触发器名",这个触发器叫什么名字？; 触发器的名称是什么？,系统调度,0.9500,AI,2026-08-12 09:26:47.8008770,"表: QRTZ_SIMPROP_TRIGGERS   字段: TRIGGER_NAME   字段说明:    业务含义: 触发器名称，唯一标识一个触发器   关键词: 触发器,名称,标识   同义词: Trigger名称,触发器名   示例问题: 这个触发器叫什么名字？; 触发器的名称是什么？   业务领域: 系统调度 ",0f4df0ee-aae4-46d9-b8bd-6d873cb04dea,NULL,NULL
74,5184,简单属性触发器的布尔属性1，用于存储自定义布尔值,"布尔,属性,自定义","Bool属性1,布尔值1",触发器的布尔属性1是什么？,系统调度,0.9000,AI,2026-08-12 09:26:47.8010011,"表: QRTZ_SIMPROP_TRIGGERS   字段: BOOL_PROP_1   字段说明:    业务含义: 简单属性触发器的布尔属性1，用于存储自定义布尔值   关键词: 布尔,属性,自定义   同义词: Bool属性1,布尔值1   示例问题: 触发器的布尔属性1是什么？   业务领域: 系统调度 ",ade4f7c5-1319-4d67-935c-0916920d1ced,NULL,NULL
75,5185,简单属性触发器的布尔属性2，用于存储自定义布尔值,"布尔,属性,自定义","Bool属性2,布尔值2",触发器的布尔属性2是什么？,系统调度,0.9000,AI,2026-08-12 09:26:47.8011679,"表: QRTZ_SIMPROP_TRIGGERS   字段: BOOL_PROP_2   字段说明:    业务含义: 简单属性触发器的布尔属性2，用于存储自定义布尔值   关键词: 布尔,属性,自定义   同义词: Bool属性2,布尔值2   示例问题: 触发器的布尔属性2是什么？   业务领域: 系统调度 ",80ba0edd-5d28-4c93-9d2d-e041d29f9087,NULL,NULL
76,5186,简单属性触发器的Decimal属性1，用于存储自定义高精度数值,"Decimal,数值,属性","十进制属性1,精度数值1",触发器的Decimal属性1是多少？,系统调度,0.9000,AI,2026-08-12 09:26:47.8013169,"表: QRTZ_SIMPROP_TRIGGERS   字段: DEC_PROP_1   字段说明:    业务含义: 简单属性触发器的Decimal属性1，用于存储自定义高精度数值   关键词: Decimal,数值,属性   同义词: 十进制属性1,精度数值1   示例问题: 触发器的Decimal属性1是多少？   业务领域: 系统调度 ",cc8745a7-9cae-49e9-89ff-a9bf5cad6278,NULL,NULL
77,5187,简单属性触发器的Decimal属性2，用于存储自定义高精度数值,"Decimal,数值,属性","十进制属性2,精度数值2",触发器的Decimal属性2是多少？,系统调度,0.9000,AI,2026-08-12 09:26:47.8014463,"表: QRTZ_SIMPROP_TRIGGERS   字段: DEC_PROP_2   字段说明:    业务含义: 简单属性触发器的Decimal属性2，用于存储自定义高精度数值   关键词: Decimal,数值,属性   同义词: 十进制属性2,精度数值2   示例问题: 触发器的Decimal属性2是多少？   业务领域: 系统调度 ",84cd16a2-d978-4cae-91a2-b96f9e1a67e7,NULL,NULL
78,5188,简单属性触发器的整数属性1，用于存储自定义整数值,"整数,属性,自定义","Int属性1,整数值1",触发器的整数属性1是多少？,系统调度,0.9000,AI,2026-08-12 09:26:47.8015822,"表: QRTZ_SIMPROP_TRIGGERS   字段: INT_PROP_1   字段说明:    业务含义: 简单属性触发器的整数属性1，用于存储自定义整数值   关键词: 整数,属性,自定义   同义词: Int属性1,整数值1   示例问题: 触发器的整数属性1是多少？   业务领域: 系统调度 ",6c672afe-ff80-4d4b-b3b7-c53e34e3dd87,NULL,NULL
79,5189,简单属性触发器的整数属性2，用于存储自定义整数值,"整数,属性,自定义","Int属性2,整数值2",触发器的整数属性2是多少？,系统调度,0.9000,AI,2026-08-12 09:26:47.8017223,"表: QRTZ_SIMPROP_TRIGGERS   字段: INT_PROP_2   字段说明:    业务含义: 简单属性触发器的整数属性2，用于存储自定义整数值   关键词: 整数,属性,自定义   同义词: Int属性2,整数值2   示例问题: 触发器的整数属性2是多少？   业务领域: 系统调度 ",c0032cb6-fad5-48c7-902f-05b3ad1a7798,NULL,NULL
80,5190,简单属性触发器的长整数属性1，用于存储自定义长整数值,"长整数,属性,自定义","Long属性1,长整数值1",触发器的长整数属性1是多少？,系统调度,0.9000,AI,2026-08-12 09:26:47.8018684,"表: QRTZ_SIMPROP_TRIGGERS   字段: LONG_PROP_1   字段说明:    业务含义: 简单属性触发器的长整数属性1，用于存储自定义长整数值   关键词: 长整数,属性,自定义   同义词: Long属性1,长整数值1   示例问题: 触发器的长整数属性1是多少？   业务领域: 系统调度 ",fd8a128d-bf3a-4b34-95c2-5bb95191f63e,NULL,NULL
81,5191,简单属性触发器的长整数属性2，用于存储自定义长整数值,"长整数,属性,自定义","Long属性2,长整数值2",触发器的长整数属性2是多少？,系统调度,0.9000,AI,2026-08-12 09:26:47.8020234,"表: QRTZ_SIMPROP_TRIGGERS   字段: LONG_PROP_2   字段说明:    业务含义: 简单属性触发器的长整数属性2，用于存储自定义长整数值   关键词: 长整数,属性,自定义   同义词: Long属性2,长整数值2   示例问题: 触发器的长整数属性2是多少？   业务领域: 系统调度 ",de7a1bb4-2861-441b-8cc7-7d720a39d2d3,NULL,NULL
82,5192,简单属性触发器的字符串属性1，用于存储自定义文本,"字符串,文本,属性","Str属性1,文本属性1",触发器的字符串属性1内容是什么？,系统调度,0.9000,AI,2026-08-12 09:26:47.8021641,"表: QRTZ_SIMPROP_TRIGGERS   字段: STR_PROP_1   字段说明:    业务含义: 简单属性触发器的字符串属性1，用于存储自定义文本   关键词: 字符串,文本,属性   同义词: Str属性1,文本属性1   示例问题: 触发器的字符串属性1内容是什么？   业务领域: 系统调度 ",eb9d8922-70f1-49ac-8e59-4d7c649c4437,NULL,NULL
83,5193,简单属性触发器的字符串属性2，用于存储自定义文本,"字符串,文本,属性","Str属性2,文本属性2",触发器的字符串属性2内容是什么？,系统调度,0.9000,AI,2026-08-12 09:26:47.8022956,"表: QRTZ_SIMPROP_TRIGGERS   字段: STR_PROP_2   字段说明:    业务含义: 简单属性触发器的字符串属性2，用于存储自定义文本   关键词: 字符串,文本,属性   同义词: Str属性2,文本属性2   示例问题: 触发器的字符串属性2内容是什么？   业务领域: 系统调度 ",5aa4a057-282d-4c95-94bc-13433d3a4900,NULL,NULL
84,5194,简单属性触发器的字符串属性3，用于存储自定义文本,"字符串,文本,属性","Str属性3,文本属性3",触发器的字符串属性3内容是什么？,系统调度,0.9000,AI,2026-08-12 09:26:47.8024221,"表: QRTZ_SIMPROP_TRIGGERS   字段: STR_PROP_3   字段说明:    业务含义: 简单属性触发器的字符串属性3，用于存储自定义文本   关键词: 字符串,文本,属性   同义词: Str属性3,文本属性3   示例问题: 触发器的字符串属性3内容是什么？   业务领域: 系统调度 ",9d2a6530-9b96-4dc2-b22b-97d8e56ffd56,NULL,NULL
85,5195,调度器名称，标识所属的Quartz调度器实例,"调度器,名称,实例","Scheduler名称,调度实例名",触发器关联的调度器是哪个？,系统调度,0.9500,AI,2026-08-12 09:26:47.8025592,"表: QRTZ_TRIGGERS   字段: SCHED_NAME   字段说明:    业务含义: 调度器名称，标识所属的Quartz调度器实例   关键词: 调度器,名称,实例   同义词: Scheduler名称,调度实例名   示例问题: 触发器关联的调度器是哪个？   业务领域: 系统调度 ",39a68b4b-d768-4d4e-b298-403f4fb088d0,NULL,NULL
86,5196,触发器组名称，用于对触发器进行逻辑分组,"触发器,组,分组","Trigger组名,触发器分组",这个触发器属于哪个组？,系统调度,0.9500,AI,2026-08-12 09:26:47.8027000,"表: QRTZ_TRIGGERS   字段: TRIGGER_GROUP   字段说明:    业务含义: 触发器组名称，用于对触发器进行逻辑分组   关键词: 触发器,组,分组   同义词: Trigger组名,触发器分组   示例问题: 这个触发器属于哪个组？   业务领域: 系统调度 ",bb85ddf5-5153-4e40-be06-2b6c4b030029,NULL,NULL
87,5197,触发器名称，唯一标识一个触发器,"触发器,名称,标识","Trigger名称,触发器名",触发器的具体名称是什么？,系统调度,0.9500,AI,2026-08-12 09:26:47.8028328,"表: QRTZ_TRIGGERS   字段: TRIGGER_NAME   字段说明:    业务含义: 触发器名称，唯一标识一个触发器   关键词: 触发器,名称,标识   同义词: Trigger名称,触发器名   示例问题: 触发器的具体名称是什么？   业务领域: 系统调度 ",8600b745-f670-4342-91ff-345a52c69a05,NULL,NULL
88,5198,预约ID或指定任务ID，用于关联特定的业务预约或任务,"预约,ID,任务","指定ID,关联预约号",触发器关联的预约ID是多少？,系统调度,0.8500,AI,2026-08-12 09:26:47.8029620,"表: QRTZ_TRIGGERS   字段: APPOINT_ID   字段说明:    业务含义: 预约ID或指定任务ID，用于关联特定的业务预约或任务   关键词: 预约,ID,任务   同义词: 指定ID,关联预约号   示例问题: 触发器关联的预约ID是多少？   业务领域: 系统调度 ",fd18c3ab-edb2-4379-b6d0-9ca7966c485a,NULL,NULL
89,5199,关联的日历名称，用于排除或包含特定的时间范围,"日历,名称,时间范围","Calendar名称,排除日历",触发器使用了哪个日历？,系统调度,0.9500,AI,2026-08-12 09:26:47.8031102,"表: QRTZ_TRIGGERS   字段: CALENDAR_NAME   字段说明:    业务含义: 关联的日历名称，用于排除或包含特定的时间范围   关键词: 日历,名称,时间范围   同义词: Calendar名称,排除日历   示例问题: 触发器使用了哪个日历？   业务领域: 系统调度 ",ba26944e-252b-43c7-b35d-3eb58d11255b,NULL,NULL
90,5200,触发器的描述信息，用于说明触发器的用途,"描述,说明,信息","备注,触发器描述",这个触发器的描述是什么？,系统调度,0.9500,AI,2026-08-12 09:26:47.8032313,"表: QRTZ_TRIGGERS   字段: DESCRIPTION   字段说明:    业务含义: 触发器的描述信息，用于说明触发器的用途   关键词: 描述,说明,信息   同义词: 备注,触发器描述   示例问题: 这个触发器的描述是什么？   业务领域: 系统调度 ",2a277882-b03d-4dc6-af92-7640c9166f19,NULL,NULL
91,5201,触发器结束时间，超过此时间触发器将不再执行,"结束,时间,停止","停止时间,失效时间",触发器什么时候结束？; 触发器的失效时间是？,系统调度,0.9500,AI,2026-08-12 09:26:47.8033479,"表: QRTZ_TRIGGERS   字段: END_TIME   字段说明:    业务含义: 触发器结束时间，超过此时间触发器将不再执行   关键词: 结束,时间,停止   同义词: 停止时间,失效时间   示例问题: 触发器什么时候结束？; 触发器的失效时间是？   业务领域: 系统调度 ",0f21825d-0225-4b0a-928b-f80a8abdcceb,NULL,NULL
92,5202,任务关联的扩展数据，以Blob形式存储序列化对象,"任务,数据,扩展","Job数据,附加数据",触发器携带了哪些任务数据？,系统调度,0.9000,AI,2026-08-12 09:26:47.8034608,"表: QRTZ_TRIGGERS   字段: JOB_DATA   字段说明:    业务含义: 任务关联的扩展数据，以Blob形式存储序列化对象   关键词: 任务,数据,扩展   同义词: Job数据,附加数据   示例问题: 触发器携带了哪些任务数据？   业务领域: 系统调度 ",37bf1d2b-bac1-47ff-a93e-e686f0054071,NULL,NULL
93,5203,关联的任务组名称，标识触发器触发的任务所属的组,"任务,组,分组","Job组名,任务分组",触发器执行的任务属于哪个组？,系统调度,0.9500,AI,2026-08-12 09:26:47.8035721,"表: QRTZ_TRIGGERS   字段: JOB_GROUP   字段说明:    业务含义: 关联的任务组名称，标识触发器触发的任务所属的组   关键词: 任务,组,分组   同义词: Job组名,任务分组   示例问题: 触发器执行的任务属于哪个组？   业务领域: 系统调度 ",b38d5c1e-8574-4697-87c3-11ce61bf74d7,NULL,NULL
94,5204,关联的任务名称，标识触发器具体触发的任务,"任务,名称,标识","Job名称,任务名",这个触发器会执行哪个任务？,系统调度,0.9500,AI,2026-08-12 09:26:47.8036861,"表: QRTZ_TRIGGERS   字段: JOB_NAME   字段说明:    业务含义: 关联的任务名称，标识触发器具体触发的任务   关键词: 任务,名称,标识   同义词: Job名称,任务名   示例问题: 这个触发器会执行哪个任务？   业务领域: 系统调度 ",4e485fd8-fcce-42c8-85e7-88061f0581c8,NULL,NULL
95,5205,错过触发时的处理指令，定义当触发时间错过时的补偿策略,"错过,触发,指令","Misfire策略,补偿指令",触发器错过执行时的处理策略是什么？,系统调度,0.9000,AI,2026-08-12 09:26:47.8037977,"表: QRTZ_TRIGGERS   字段: MISFIRE_INSTR   字段说明:    业务含义: 错过触发时的处理指令，定义当触发时间错过时的补偿策略   关键词: 错过,触发,指令   同义词: Misfire策略,补偿指令   示例问题: 触发器错过执行时的处理策略是什么？   业务领域: 系统调度 ",752e1607-11a8-4c16-a68a-fefa7893b198,NULL,NULL
96,5206,下次触发时间，任务下一次计划执行的时间戳,"下次,触发,时间","下一次执行时间,计划执行时间",任务下次什么时候执行？; 触发器的下次触发时间是？,系统调度,0.9800,AI,2026-08-12 09:26:47.8039067,"表: QRTZ_TRIGGERS   字段: NEXT_FIRE_TIME   字段说明:    业务含义: 下次触发时间，任务下一次计划执行的时间戳   关键词: 下次,触发,时间   同义词: 下一次执行时间,计划执行时间   示例问题: 任务下次什么时候执行？; 触发器的下次触发时间是？   业务领域: 系统调度 ",f3d9497f-b8bd-4bfa-ba31-c9adcd33a52a,NULL,NULL
97,5207,上次触发时间，任务上一次实际或计划执行的时间戳,"上次,触发,时间","上一次执行时间,历史执行时间",任务上次是什么时候执行的？,系统调度,0.9800,AI,2026-08-12 09:26:47.8040174,"表: QRTZ_TRIGGERS   字段: PREV_FIRE_TIME   字段说明:    业务含义: 上次触发时间，任务上一次实际或计划执行的时间戳   关键词: 上次,触发,时间   同义词: 上一次执行时间,历史执行时间   示例问题: 任务上次是什么时候执行的？   业务领域: 系统调度 ",07c8018a-e07e-4b8e-ba97-e32d14c75d92,NULL,NULL
98,5208,触发器优先级，数值越大优先级越高,"优先级,级别,权重","Priority,优先级别",触发器的优先级是多少？,系统调度,0.9500,AI,2026-08-12 09:26:47.8041392,"表: QRTZ_TRIGGERS   字段: PRIORITY   字段说明:    业务含义: 触发器优先级，数值越大优先级越高   关键词: 优先级,级别,权重   同义词: Priority,优先级别   示例问题: 触发器的优先级是多少？   业务领域: 系统调度 ",30fde520-0c1e-407f-b82a-575f5093fea3,NULL,NULL
99,5209,触发器开始时间，任务最早可以开始执行的时间戳,"开始,时间,启动","启动时间,生效时间",触发器什么时候开始生效？,系统调度,0.9500,AI,2026-08-12 09:26:47.8042547,"表: QRTZ_TRIGGERS   字段: START_TIME   字段说明:    业务含义: 触发器开始时间，任务最早可以开始执行的时间戳   关键词: 开始,时间,启动   同义词: 启动时间,生效时间   示例问题: 触发器什么时候开始生效？   业务领域: 系统调度 ",f8f2f34a-61ba-4664-ae68-e394d99c0328,NULL,NULL
100,5210,触发器当前状态，如等待、暂停、完成等,"状态,当前,情况","运行状态,触发器状态",触发器现在的状态是什么？; 有哪些暂停的触发器？,系统调度,0.9800,AI,2026-08-12 09:26:47.8043699,"表: QRTZ_TRIGGERS   字段: TRIGGER_STATE   字段说明:    业务含义: 触发器当前状态，如等待、暂停、完成等   关键词: 状态,当前,情况   同义词: 运行状态,触发器状态   示例问题: 触发器现在的状态是什么？; 有哪些暂停的触发器？   业务领域: 系统调度 ",716e7ae9-df26-4ef0-b743-923b6eacf794,NULL,NULL
101,5211,触发器类型，如Cron、Simple、DailyTimeInterval等,"类型,种类,分类","Trigger类型,触发方式",这个触发器是什么类型的？,系统调度,0.9500,AI,2026-08-12 09:26:47.8044946,"表: QRTZ_TRIGGERS   字段: TRIGGER_TYPE   字段说明:    业务含义: 触发器类型，如Cron、Simple、DailyTimeInterval等   关键词: 类型,种类,分类   同义词: Trigger类型,触发方式   示例问题: 这个触发器是什么类型的？   业务领域: 系统调度 ",190332a7-535d-4cbd-8a5b-2fd9da75bad8,NULL,NULL
102,5212,更新记录主键ID，唯一标识一条数据更新记录,"主键,ID,标识","记录ID,更新记录主键",这条更新记录的ID是多少？,系统运维,0.9500,AI,2026-08-12 09:26:47.8046128,"表: updaterec   字段: id   字段说明:    业务含义: 更新记录主键ID，唯一标识一条数据更新记录   关键词: 主键,ID,标识   同义词: 记录ID,更新记录主键   示例问题: 这条更新记录的ID是多少？   业务领域: 系统运维 ",648c32ae-5cb2-4dd9-a1ee-bb57089dea7e,NULL,NULL
103,5213,是否分段存储标识，指示大数据量是否被分段处理,"分段,标识,存储","是否分片,分段标志",这条更新记录是否进行了分段存储？,系统运维,0.9000,AI,2026-08-12 09:26:47.8047342,"表: updaterec   字段: is_segment   字段说明:    业务含义: 是否分段存储标识，指示大数据量是否被分段处理   关键词: 分段,标识,存储   同义词: 是否分片,分段标志   示例问题: 这条更新记录是否进行了分段存储？   业务领域: 系统运维 ",c8b4fa24-1aa1-4dc8-b84f-9885795cc428,NULL,NULL
104,5214,实体键的类名，记录数据键对象的Java类全限定名,"键,类名,类型","Key类名,键对象类型",更新记录的键是什么类型的？,系统运维,0.8500,AI,2026-08-12 09:26:47.8048591,"表: updaterec   字段: key_class   字段说明:    业务含义: 实体键的类名，记录数据键对象的Java类全限定名   关键词: 键,类名,类型   同义词: Key类名,键对象类型   示例问题: 更新记录的键是什么类型的？   业务领域: 系统运维 ",2cddde8d-704d-47ab-8ca2-64f6a840d7a4,NULL,NULL
105,5215,实体键值，用于唯一标识被更新的业务实体,"实体,键,标识","业务主键,实体Key",被更新的实体键是什么？,系统运维,0.9500,AI,2026-08-12 09:26:47.8049766,"表: updaterec   字段: entity_key   字段说明:    业务含义: 实体键值，用于唯一标识被更新的业务实体   关键词: 实体,键,标识   同义词: 业务主键,实体Key   示例问题: 被更新的实体键是什么？   业务领域: 系统运维 ",9e855e5e-e3ba-4c72-9382-a8d6f8728fdc,NULL,NULL
106,5216,数据命名空间，用于隔离不同业务或模块的数据,"命名空间,隔离,模块","Namespace,业务域",这条更新记录属于哪个命名空间？,系统运维,0.9000,AI,2026-08-12 09:26:47.8051107,"表: updaterec   字段: namespace   字段说明:    业务含义: 数据命名空间，用于隔离不同业务或模块的数据   关键词: 命名空间,隔离,模块   同义词: Namespace,业务域   示例问题: 这条更新记录属于哪个命名空间？   业务领域: 系统运维 ",46f1f4b3-8944-456f-acc9-23f3c96381e9,NULL,NULL
107,5217,分段长度，记录数据分段存储时每段的大小或数量,"分段,长度,大小","分片大小,段长度",更新记录的分段长度是多少？,系统运维,0.8500,AI,2026-08-12 09:26:47.8052325,"表: updaterec   字段: segment_length   字段说明:    业务含义: 分段长度，记录数据分段存储时每段的大小或数量   关键词: 分段,长度,大小   同义词: 分片大小,段长度   示例问题: 更新记录的分段长度是多少？   业务领域: 系统运维 ",e8d12ba0-59c7-46ec-bbee-149ada4e5cb3,NULL,NULL
108,5218,实体值的类名，记录数据值对象的Java类全限定名,"值,类名,类型","Value类名,值对象类型",更新记录的值是什么类型的？,系统运维,0.8500,AI,2026-08-12 09:26:47.8053502,"表: updaterec   字段: value_class   字段说明:    业务含义: 实体值的类名，记录数据值对象的Java类全限定名   关键词: 值,类名,类型   同义词: Value类名,值对象类型   示例问题: 更新记录的值是什么类型的？   业务领域: 系统运维 ",24ecf9e5-ec55-4f7d-9537-35ee1625078f,NULL,NULL
109,5219,实体值内容，存储被更新实体的具体数据或JSON序列化内容,"实体,值,内容","业务数据,实体Value",更新后的实体值内容是什么？,系统运维,0.9500,AI,2026-08-12 09:26:47.8054632,"表: updaterec   字段: entity_value   字段说明:    业务含义: 实体值内容，存储被更新实体的具体数据或JSON序列化内容   关键词: 实体,值,内容   同义词: 业务数据,实体Value   示例问题: 更新后的实体值内容是什么？   业务领域: 系统运维 ",39637f7b-fc49-45dd-a008-84025fb834d3,NULL,NULL
110,5220,值索引信息，用于快速检索或定位分段后的值数据,"索引,检索,定位","数据索引,值位置",更新记录的值索引是什么？,系统运维,0.8500,AI,2026-08-12 09:26:47.8055794,"表: updaterec   字段: values_index   字段说明:    业务含义: 值索引信息，用于快速检索或定位分段后的值数据   关键词: 索引,检索,定位   同义词: 数据索引,值位置   示例问题: 更新记录的值索引是什么？   业务领域: 系统运维 ",9302dc22-b597-41f1-8fb2-18f369c30263,NULL,NULL
111,5221,值内容长度，记录实体值数据的字符或字节长度,"长度,大小,字符","数据长度,值大小",更新记录的值长度是多少？,系统运维,0.9000,AI,2026-08-12 09:26:47.8057119,"表: updaterec   字段: values_length   字段说明:    业务含义: 值内容长度，记录实体值数据的字符或字节长度   关键词: 长度,大小,字符   同义词: 数据长度,值大小   示例问题: 更新记录的值长度是多少？   业务领域: 系统运维 ",5d48dda1-e551-4b4c-a243-65758fbca038,NULL,NULL
112,5222,盘点单主键ID，唯一标识一张WMS盘点单,"主键,ID,盘点单","盘点单号,盘点单主键",这张盘点单的ID是多少？,仓储管理(WMS),0.9800,AI,2026-08-12 09:26:47.8058305,"表: wms_check_order   字段: id   字段说明: 主键   业务含义: 盘点单主键ID，唯一标识一张WMS盘点单   关键词: 主键,ID,盘点单   同义词: 盘点单号,盘点单主键   示例问题: 这张盘点单的ID是多少？   业务领域: 仓储管理(WMS) ",177551ef-2b83-4e7c-944d-a472000e8134,NULL,NULL
113,5223,盘点单编码，用于业务流转和展示的唯一单据编号,"编码,编号,单据","盘点单号,单据编码",盘点单的编号是什么？; 查一下编码为PD001的盘点单,仓储管理(WMS),0.9800,AI,2026-08-12 09:26:47.8059524,"表: wms_check_order   字段: code   字段说明: 编码   业务含义: 盘点单编码，用于业务流转和展示的唯一单据编号   关键词: 编码,编号,单据   同义词: 盘点单号,单据编码   示例问题: 盘点单的编号是什么？; 查一下编码为PD001的盘点单   业务领域: 仓储管理(WMS) ",d7dbccfe-bc76-4041-bcea-30366dd370aa,NULL,NULL
114,5224,盘点单名称，对盘点任务的业务描述或命名,"名称,描述,命名","盘点任务名,单据名称",这个盘点单叫什么名字？,仓储管理(WMS),0.9500,AI,2026-08-12 09:26:47.8060756,"表: wms_check_order   字段: name   字段说明: 名称   业务含义: 盘点单名称，对盘点任务的业务描述或命名   关键词: 名称,描述,命名   同义词: 盘点任务名,单据名称   示例问题: 这个盘点单叫什么名字？   业务领域: 仓储管理(WMS) ",d98d8536-5d36-4bee-8cbd-3da5e94f51c3,NULL,NULL
115,5225,盘点单类型，区分不同的盘点业务场景（如明盘、盲盘、动盘等）,"类型,分类,场景","盘点方式,单据类型",这张盘点单是什么类型的？; 有哪些类型的盘点单？,仓储管理(WMS),0.9500,AI,2026-08-12 09:26:47.8061929,"表: wms_check_order   字段: type   字段说明: 类型   业务含义: 盘点单类型，区分不同的盘点业务场景（如明盘、盲盘、动盘等）   关键词: 类型,分类,场景   同义词: 盘点方式,单据类型   示例问题: 这张盘点单是什么类型的？; 有哪些类型的盘点单？   业务领域: 仓储管理(WMS) ",7f9cec21-3af9-4bc1-88b3-9b2d2ddfa95b,NULL,NULL
116,5226,盘点单状态，0表示已创建，1表示执行中，2表示已完成，3表示已关闭，4表示已归档,"状态,进度,阶段","盘点进度,单据状态",有哪些正在执行中的盘点单？; 盘点单的状态有哪些？,仓储管理(WMS),0.9800,AI,2026-08-12 09:26:47.8063225,"表: wms_check_order   字段: status   字段说明: 状态 0-已创建 1-执行中 2-已完成 3-已关闭 4-已归档   业务含义: 盘点单状态，0表示已创建，1表示执行中，2表示已完成，3表示已关闭，4表示已归档   关键词: 状态,进度,阶段   同义词: 盘点进度,单据状态   示例问题: 有哪些正在执行中的盘点单？; 盘点单的状态有哪些？   业务领域: 仓储管理(WMS) ",27ba95d8-401b-4005-8ced-01ca13e29373,NULL,NULL
117,5227,盘点岗位，指定负责执行该盘点任务的具体岗位或角色,"岗位,角色,负责人","盘点人员,执行岗位",这个盘点单分配给了哪个岗位？,仓储管理(WMS),0.9000,AI,2026-08-12 09:26:47.8064409,"表: wms_check_order   字段: post   字段说明: 盘点岗位   业务含义: 盘点岗位，指定负责执行该盘点任务的具体岗位或角色   关键词: 岗位,角色,负责人   同义词: 盘点人员,执行岗位   示例问题: 这个盘点单分配给了哪个岗位？   业务领域: 仓储管理(WMS) ",c3cd556a-b58c-48cf-9f21-fb561936cdc2,NULL,NULL
118,5228,盘点开始时间，记录盘点任务实际启动的时间,"开始,时间,启动","盘点启动时间,执行时间",盘点单是什么时候开始盘点的？; 今天的盘点任务有哪些？,仓储管理(WMS),0.9800,AI,2026-08-12 09:26:47.8065810,"表: wms_check_order   字段: check_time   字段说明: 盘点开始时间   业务含义: 盘点开始时间，记录盘点任务实际启动的时间   关键词: 开始,时间,启动   同义词: 盘点启动时间,执行时间   示例问题: 盘点单是什么时候开始盘点的？; 今天的盘点任务有哪些？   业务领域: 仓储管理(WMS) ",1ce16fd0-5ac0-462f-9945-2dd0479a74c0,NULL,NULL
119,5229,盘点范围，0表示仓库级别，1表示货架级别，2表示物料分类级别，3表示物料级别,"范围,级别,粒度","盘点粒度,盘点层级",这次盘点的范围是整个仓库还是具体物料？; 有哪些按货架盘点的单据？,仓储管理(WMS),0.9500,AI,2026-08-12 09:26:47.8067197,"表: wms_check_order   字段: check_scope   字段说明: 盘点范围（0：仓库 1：货架 2：物料分类 3：物料）   业务含义: 盘点范围，0表示仓库级别，1表示货架级别，2表示物料分类级别，3表示物料级别   关键词: 范围,级别,粒度   同义词: 盘点粒度,盘点层级   示例问题: 这次盘点的范围是整个仓库还是具体物料？; 有哪些按货架盘点的单据？   业务领域: 仓储管理(WMS) ",a27c869c-0234-4abb-a0df-9a5fe055e53f,NULL,NULL
120,5230,盘点区域信息，以JSON格式存储具体涉及的库区、货架或储位等物理区域,"区域,库区,位置","盘点位置,涉及库区",这个盘点单覆盖了哪些区域？; A区的盘点单有哪些？,仓储管理(WMS),0.9500,AI,2026-08-12 09:26:47.8068487,"表: wms_check_order   字段: check_area   字段说明: 盘点区域   业务含义: 盘点区域信息，以JSON格式存储具体涉及的库区、货架或储位等物理区域   关键词: 区域,库区,位置   同义词: 盘点位置,涉及库区   示例问题: 这个盘点单覆盖了哪些区域？; A区的盘点单有哪些？   业务领域: 仓储管理(WMS) ",ce0889dd-9397-4041-af0d-0b22b39246f7,NULL,NULL
121,5231,盘点单备注信息，用于记录盘点过程中的特殊说明或补充内容,"备注,说明,盘点单备注","备注信息,说明,附言","盘点单的备注是什么？,查看盘点单说明",仓储管理-盘点管理,0.9500,AI,2026-08-12 09:26:47.8069979,"表: wms_check_order   字段: note   字段说明: 备注   业务含义: 盘点单备注信息，用于记录盘点过程中的特殊说明或补充内容   关键词: 备注,说明,盘点单备注   同义词: 备注信息,说明,附言   示例问题: 盘点单的备注是什么？,查看盘点单说明   业务领域: 仓储管理-盘点管理 ",1c3eab99-8bf8-43ab-b753-e8a4c71b3004,NULL,NULL
122,5232,盘点单创建人的系统用户ID,"创建人ID,制单人ID,盘点单创建人","制单人ID,创建者ID,建档人ID","盘点单是谁创建的？,创建人ID是多少？",仓储管理-盘点管理,0.9800,AI,2026-08-12 09:26:47.8072129,"表: wms_check_order   字段: create_by   字段说明: 创建人id   业务含义: 盘点单创建人的系统用户ID   关键词: 创建人ID,制单人ID,盘点单创建人   同义词: 制单人ID,创建者ID,建档人ID   示例问题: 盘点单是谁创建的？,创建人ID是多少？   业务领域: 仓储管理-盘点管理 ",ee8f951f-81cd-48ff-80de-cc724c36b300,NULL,NULL
123,5233,盘点单创建人的姓名或系统显示名称,"创建人名称,制单人名称,盘点单创建人","制单人姓名,创建者名称,建档人姓名","盘点单是谁创建的？,创建人叫什么名字？",仓储管理-盘点管理,0.9800,AI,2026-08-12 09:26:47.8073977,"表: wms_check_order   字段: create_name   字段说明: 创建人名称   业务含义: 盘点单创建人的姓名或系统显示名称   关键词: 创建人名称,制单人名称,盘点单创建人   同义词: 制单人姓名,创建者名称,建档人姓名   示例问题: 盘点单是谁创建的？,创建人叫什么名字？   业务领域: 仓储管理-盘点管理 ",357d9093-36a0-4c68-9ea2-7d06c616c738,NULL,NULL
124,5234,盘点单在系统中被创建的时间,"创建时间,制单时间,盘点单创建时间","制单时间,创建日期,建档时间","盘点单是什么时候创建的？,查看盘点单创建时间",仓储管理-盘点管理,0.9800,AI,2026-08-12 09:26:47.8075315,"表: wms_check_order   字段: create_time   字段说明: 创建时间   业务含义: 盘点单在系统中被创建的时间   关键词: 创建时间,制单时间,盘点单创建时间   同义词: 制单时间,创建日期,建档时间   示例问题: 盘点单是什么时候创建的？,查看盘点单创建时间   业务领域: 仓储管理-盘点管理 ",a18cf8ec-bf92-4cb5-8aa4-a805f04f07a0,NULL,NULL
125,5235,盘点单最后一次更新操作人的系统用户ID,"更新人ID,修改人ID,盘点单更新人","修改者ID,最后更新人ID","盘点单最后是谁修改的？,更新人ID是多少？",仓储管理-盘点管理,0.9800,AI,2026-08-12 09:26:47.8076655,"表: wms_check_order   字段: update_by   字段说明: 更新人id   业务含义: 盘点单最后一次更新操作人的系统用户ID   关键词: 更新人ID,修改人ID,盘点单更新人   同义词: 修改者ID,最后更新人ID   示例问题: 盘点单最后是谁修改的？,更新人ID是多少？   业务领域: 仓储管理-盘点管理 ",454231d7-2b9c-447a-b1fe-1f9234101f89,NULL,NULL
126,5236,盘点单最后一次更新操作人的姓名或系统显示名称,"更新人名称,修改人名称,盘点单更新人","修改者姓名,最后更新人名称","盘点单最后是谁修改的？,更新人叫什么名字？",仓储管理-盘点管理,0.9800,AI,2026-08-12 09:26:47.8077990,"表: wms_check_order   字段: update_name   字段说明: 更新人名称   业务含义: 盘点单最后一次更新操作人的姓名或系统显示名称   关键词: 更新人名称,修改人名称,盘点单更新人   同义词: 修改者姓名,最后更新人名称   示例问题: 盘点单最后是谁修改的？,更新人叫什么名字？   业务领域: 仓储管理-盘点管理 ",4ef63e66-9037-4749-ac1f-423fe508c6ea,NULL,NULL
127,5237,盘点单最后一次被更新或修改的时间,"更新时间,修改时间,盘点单更新时间","修改时间,最后更新时间","盘点单最后是什么时候修改的？,查看盘点单更新时间",仓储管理-盘点管理,0.9800,AI,2026-08-12 09:26:47.8079227,"表: wms_check_order   字段: update_time   字段说明: 更新人时间   业务含义: 盘点单最后一次被更新或修改的时间   关键词: 更新时间,修改时间,盘点单更新时间   同义词: 修改时间,最后更新时间   示例问题: 盘点单最后是什么时候修改的？,查看盘点单更新时间   业务领域: 仓储管理-盘点管理 ",ba7d82de-3ad8-420a-a62f-c5231ee28995,NULL,NULL
128,5238,盘点单的逻辑删除标识，0表示未删除，1表示已删除,"删除标识,是否删除,逻辑删除","作废标识,删除状态,有效标识","盘点单是否被删除了？,查看盘点单删除状态",仓储管理-盘点管理,0.9900,AI,2026-08-12 09:26:47.8080499,"表: wms_check_order   字段: del_flag   字段说明: 是否删除标识：0否 1是   业务含义: 盘点单的逻辑删除标识，0表示未删除，1表示已删除   关键词: 删除标识,是否删除,逻辑删除   同义词: 作废标识,删除状态,有效标识   示例问题: 盘点单是否被删除了？,查看盘点单删除状态   业务领域: 仓储管理-盘点管理 ",dc700bc1-77b0-4a3a-9c36-0cd3f00f92ac,NULL,NULL
129,5239,盘点单所属仓库的系统唯一ID,"仓库ID,盘点仓库ID,所属仓库ID","库房ID,仓储ID","盘点单属于哪个仓库ID？,查看盘点仓库ID",仓储管理-盘点管理,0.9800,AI,2026-08-12 09:26:47.8081804,"表: wms_check_order   字段: warehouse_id   字段说明: 仓库id   业务含义: 盘点单所属仓库的系统唯一ID   关键词: 仓库ID,盘点仓库ID,所属仓库ID   同义词: 库房ID,仓储ID   示例问题: 盘点单属于哪个仓库ID？,查看盘点仓库ID   业务领域: 仓储管理-盘点管理 ",570a9a25-30ba-41ad-a28f-24eb6239050f,NULL,NULL
130,5240,盘点单所属仓库的名称,"仓库名称,盘点仓库名称,所属仓库名称","库房名称,仓储名称","盘点单是在哪个仓库进行的？,查看盘点仓库名称",仓储管理-盘点管理,0.9800,AI,2026-08-12 09:26:47.8083022,"表: wms_check_order   字段: warehouse_name   字段说明: 仓库名称   业务含义: 盘点单所属仓库的名称   关键词: 仓库名称,盘点仓库名称,所属仓库名称   同义词: 库房名称,仓储名称   示例问题: 盘点单是在哪个仓库进行的？,查看盘点仓库名称   业务领域: 仓储管理-盘点管理 ",9fa92214-dd45-4422-b04e-2908116caf9a,NULL,NULL
131,5241,盘点单明细记录的系统主键ID,"明细ID,主键,盘点明细ID","记录ID,主键ID",盘点明细的主键ID是多少？,仓储管理-盘点明细,0.9900,AI,2026-08-12 09:26:47.8084268,"表: wms_check_order_info   字段: id   字段说明:    业务含义: 盘点单明细记录的系统主键ID   关键词: 明细ID,主键,盘点明细ID   同义词: 记录ID,主键ID   示例问题: 盘点明细的主键ID是多少？   业务领域: 仓储管理-盘点明细 ",35866032-60be-4573-8228-4e8682f42995,NULL,NULL
132,5242,盘点明细所属的仓库编号或ID,"仓库,盘点仓库,所属仓库","库房,仓储",该盘点明细属于哪个仓库？,仓储管理-盘点明细,0.9500,AI,2026-08-12 09:26:47.8085543,"表: wms_check_order_info   字段: warehouse   字段说明: 仓库   业务含义: 盘点明细所属的仓库编号或ID   关键词: 仓库,盘点仓库,所属仓库   同义词: 库房,仓储   示例问题: 该盘点明细属于哪个仓库？   业务领域: 仓储管理-盘点明细 ",1c3d86ef-4c34-49c9-b1d6-7cec6e3b4c4c,NULL,NULL
133,5243,盘点明细中物料所在的具体货架编号或ID,"货架,货架编号,库位货架","货架号,存储货架","物料在哪个货架上？,查看盘点货架编号",仓储管理-盘点明细,0.9500,AI,2026-08-12 09:26:47.8086747,"表: wms_check_order_info   字段: shelf   字段说明: 货架   业务含义: 盘点明细中物料所在的具体货架编号或ID   关键词: 货架,货架编号,库位货架   同义词: 货架号,存储货架   示例问题: 物料在哪个货架上？,查看盘点货架编号   业务领域: 仓储管理-盘点明细 ",df1dfe90-7bd4-45a4-9888-d4366ee2e257,NULL,NULL
134,5244,盘点明细中涉及物料的系统唯一ID,"物料ID,商品ID,盘点物料ID","物品ID,货物ID","盘点的是哪个物料ID？,查看物料ID",仓储管理-盘点明细,0.9800,AI,2026-08-12 09:26:47.8087984,"表: wms_check_order_info   字段: material_id   字段说明: 物料id   业务含义: 盘点明细中涉及物料的系统唯一ID   关键词: 物料ID,商品ID,盘点物料ID   同义词: 物品ID,货物ID   示例问题: 盘点的是哪个物料ID？,查看物料ID   业务领域: 仓储管理-盘点明细 ",33d469ec-c3be-4803-9975-8b26589f14cd,NULL,NULL
135,5245,盘点明细中物料的账面数量或应盘数量,"数量,账面数量,应盘数量","系统数量,库存数量,应有数量","物料的账面数量是多少？,应盘数量是多少？",仓储管理-盘点明细,0.9500,AI,2026-08-12 09:26:47.8089216,"表: wms_check_order_info   字段: quantity   字段说明: 数量   业务含义: 盘点明细中物料的账面数量或应盘数量   关键词: 数量,账面数量,应盘数量   同义词: 系统数量,库存数量,应有数量   示例问题: 物料的账面数量是多少？,应盘数量是多少？   业务领域: 仓储管理-盘点明细 ",9564536e-bc19-4768-a6ed-b2a1b7fe84ca,NULL,NULL
136,5246,盘点明细中物料的生产批次或入库批次号,"批次,批次号,物料批次","生产批次,入库批次","物料的批次号是什么？,查看盘点批次",仓储管理-盘点明细,0.9500,AI,2026-08-12 09:26:47.8090426,"表: wms_check_order_info   字段: batch   字段说明: 批次   业务含义: 盘点明细中物料的生产批次或入库批次号   关键词: 批次,批次号,物料批次   同义词: 生产批次,入库批次   示例问题: 物料的批次号是什么？,查看盘点批次   业务领域: 仓储管理-盘点明细 ",fc4a86f1-3c6c-4738-a79a-6b2480ca0dcc,NULL,NULL
137,5247,盘点明细中物料所在的包装箱号或容器编号,"箱号,包装箱号,容器编号","纸箱号,周转箱号","物料装在哪个箱子里？,查看盘点箱号",仓储管理-盘点明细,0.9500,AI,2026-08-12 09:26:47.8091858,"表: wms_check_order_info   字段: case_no   字段说明: 箱号   业务含义: 盘点明细中物料所在的包装箱号或容器编号   关键词: 箱号,包装箱号,容器编号   同义词: 纸箱号,周转箱号   示例问题: 物料装在哪个箱子里？,查看盘点箱号   业务领域: 仓储管理-盘点明细 ",7ffb431c-b733-471b-bedc-c99bdd2a9390,NULL,NULL
138,5248,盘点明细中物料计量单位的系统唯一ID,"单位ID,计量单位ID,物料单位ID",度量单位ID,物料单位的ID是多少？,仓储管理-盘点明细,0.9800,AI,2026-08-12 09:26:47.8093135,"表: wms_check_order_info   字段: unit_id   字段说明: 单位id   业务含义: 盘点明细中物料计量单位的系统唯一ID   关键词: 单位ID,计量单位ID,物料单位ID   同义词: 度量单位ID   示例问题: 物料单位的ID是多少？   业务领域: 仓储管理-盘点明细 ",cf8c1d80-8117-445c-a4c8-87caccc65d3a,NULL,NULL
139,5249,盘点明细中物料的计量单位名称，如个、箱、千克等,"单位,计量单位,物料单位","度量单位,包装单位","物料的计量单位是什么？,盘点单位是什么？",仓储管理-盘点明细,0.9800,AI,2026-08-12 09:26:47.8094370,"表: wms_check_order_info   字段: unit   字段说明: 单位   业务含义: 盘点明细中物料的计量单位名称，如个、箱、千克等   关键词: 单位,计量单位,物料单位   同义词: 度量单位,包装单位   示例问题: 物料的计量单位是什么？,盘点单位是什么？   业务领域: 仓储管理-盘点明细 ",6bb4191a-abeb-4582-918b-e623aead106b,NULL,NULL
140,5250,盘点明细中实际盘点得出的物料数量，即实盘数量,"结果,实盘数量,盘点结果","实际数量,实盘数,清点数量","实际盘点了多少数量？,盘点结果是多少？",仓储管理-盘点明细,0.9500,AI,2026-08-12 09:26:47.8095577,"表: wms_check_order_info   字段: result   字段说明: 结果   业务含义: 盘点明细中实际盘点得出的物料数量，即实盘数量   关键词: 结果,实盘数量,盘点结果   同义词: 实际数量,实盘数,清点数量   示例问题: 实际盘点了多少数量？,盘点结果是多少？   业务领域: 仓储管理-盘点明细 ",6b56bb21-ecbc-4942-b1ad-f1bc74afcfd4,NULL,NULL
141,5251,盘点明细中实盘数量与账面数量之间的差额，即盘盈或盘亏数量,"差额,盘点差异,盘盈盘亏","差异数量,盈亏数量,差异额","盘点差异是多少？,盘盈盘亏数量是多少？",仓储管理-盘点明细,0.9500,AI,2026-08-12 09:26:47.8097011,"表: wms_check_order_info   字段: difference   字段说明: 差额   业务含义: 盘点明细中实盘数量与账面数量之间的差额，即盘盈或盘亏数量   关键词: 差额,盘点差异,盘盈盘亏   同义词: 差异数量,盈亏数量,差异额   示例问题: 盘点差异是多少？,盘盈盘亏数量是多少？   业务领域: 仓储管理-盘点明细 ",c0813399-60da-4d6d-8a05-93a07a919d37,NULL,NULL
142,5252,执行该盘点明细操作的盘点人员系统用户ID,"盘点人ID,执行人ID,盘点操作员ID","清点人ID,操作人ID","是谁执行的盘点？,盘点人ID是多少？",仓储管理-盘点明细,0.9800,AI,2026-08-12 09:26:47.8098426,"表: wms_check_order_info   字段: check_by   字段说明: 盘点人id   业务含义: 执行该盘点明细操作的盘点人员系统用户ID   关键词: 盘点人ID,执行人ID,盘点操作员ID   同义词: 清点人ID,操作人ID   示例问题: 是谁执行的盘点？,盘点人ID是多少？   业务领域: 仓储管理-盘点明细 ",54861b6b-c7af-4089-9831-9a4202957d00,NULL,NULL
143,5253,执行该盘点明细操作的盘点人员姓名,"盘点人名称,执行人名称,盘点操作员名称","清点人姓名,操作人姓名","是谁执行的盘点？,盘点人叫什么名字？",仓储管理-盘点明细,0.9800,AI,2026-08-12 09:26:47.8099653,"表: wms_check_order_info   字段: check_name   字段说明: 盘点人名称   业务含义: 执行该盘点明细操作的盘点人员姓名   关键词: 盘点人名称,执行人名称,盘点操作员名称   同义词: 清点人姓名,操作人姓名   示例问题: 是谁执行的盘点？,盘点人叫什么名字？   业务领域: 仓储管理-盘点明细 ",bf514dc8-251a-45f8-b9d5-a3bb78de0eda,NULL,NULL
144,5254,该盘点明细实际执行盘点操作的时间,"盘点时间,执行时间,实盘时间","清点时间,操作时间","是什么时候盘点的？,查看盘点执行时间",仓储管理-盘点明细,0.9800,AI,2026-08-12 09:26:47.8101017,"表: wms_check_order_info   字段: check_time   字段说明: 盘点时间   业务含义: 该盘点明细实际执行盘点操作的时间   关键词: 盘点时间,执行时间,实盘时间   同义词: 清点时间,操作时间   示例问题: 是什么时候盘点的？,查看盘点执行时间   业务领域: 仓储管理-盘点明细 ",cd808efd-318f-4ce8-b1ac-8ae0df7a4c5b,NULL,NULL
145,5255,盘点明细的备注信息，用于记录盘点过程中的特殊情况说明,"备注,说明,盘点明细备注","备注信息,说明,附言","盘点明细的备注是什么？,查看盘点说明",仓储管理-盘点明细,0.9500,AI,2026-08-12 09:26:47.8102400,"表: wms_check_order_info   字段: note   字段说明: 备注   业务含义: 盘点明细的备注信息，用于记录盘点过程中的特殊情况说明   关键词: 备注,说明,盘点明细备注   同义词: 备注信息,说明,附言   示例问题: 盘点明细的备注是什么？,查看盘点说明   业务领域: 仓储管理-盘点明细 ",72101d5d-bdb6-4c86-8a0f-d465ee6ac32e,NULL,NULL
146,5256,盘点明细的执行状态，0表示未执行，1表示已执行,"状态,执行状态,盘点状态","完成情况,处理状态","盘点明细执行了吗？,查看盘点执行状态",仓储管理-盘点明细,0.9800,AI,2026-08-12 09:26:47.8103658,"表: wms_check_order_info   字段: status   字段说明: 状态（0：未执行 1：已执行）   业务含义: 盘点明细的执行状态，0表示未执行，1表示已执行   关键词: 状态,执行状态,盘点状态   同义词: 完成情况,处理状态   示例问题: 盘点明细执行了吗？,查看盘点执行状态   业务领域: 仓储管理-盘点明细 ",5579b01b-f650-4d8e-b8e7-43c8f93151a7,NULL,NULL
147,5257,该盘点明细所属的盘点主单的系统唯一ID,"盘点单ID,主单ID,关联盘点单ID","盘点任务ID,盘点单编号","该明细属于哪个盘点单？,查看关联盘点单ID",仓储管理-盘点明细,0.9800,AI,2026-08-12 09:26:47.8104898,"表: wms_check_order_info   字段: check_order_id   字段说明: 盘点单id   业务含义: 该盘点明细所属的盘点主单的系统唯一ID   关键词: 盘点单ID,主单ID,关联盘点单ID   同义词: 盘点任务ID,盘点单编号   示例问题: 该明细属于哪个盘点单？,查看关联盘点单ID   业务领域: 仓储管理-盘点明细 ",24784450-0733-44b3-befd-156790815bf1,NULL,NULL
148,5258,盘点明细记录创建人的系统用户ID,"创建人ID,制单人ID,明细创建人","制单人ID,创建者ID","盘点明细是谁创建的？,创建人ID是多少？",仓储管理-盘点明细,0.9800,AI,2026-08-12 09:26:47.8106285,"表: wms_check_order_info   字段: create_by   字段说明: 创建人id   业务含义: 盘点明细记录创建人的系统用户ID   关键词: 创建人ID,制单人ID,明细创建人   同义词: 制单人ID,创建者ID   示例问题: 盘点明细是谁创建的？,创建人ID是多少？   业务领域: 仓储管理-盘点明细 ",d5134939-e0e6-4731-a2c8-2894e32c770e,NULL,NULL
149,5259,盘点明细记录创建人的姓名或系统显示名称,"创建人名称,制单人名称,明细创建人","制单人姓名,创建者名称","盘点明细是谁创建的？,创建人叫什么名字？",仓储管理-盘点明细,0.9800,AI,2026-08-12 09:26:47.8107675,"表: wms_check_order_info   字段: create_name   字段说明: 创建人名称   业务含义: 盘点明细记录创建人的姓名或系统显示名称   关键词: 创建人名称,制单人名称,明细创建人   同义词: 制单人姓名,创建者名称   示例问题: 盘点明细是谁创建的？,创建人叫什么名字？   业务领域: 仓储管理-盘点明细 ",0a2383be-60d5-4f15-9324-bc86c175b1a0,NULL,NULL
150,5260,盘点明细记录在系统中被创建的时间,"创建时间,制单时间,明细创建时间","制单时间,创建日期","盘点明细是什么时候创建的？,查看明细创建时间",仓储管理-盘点明细,0.9800,AI,2026-08-12 09:26:47.8109070,"表: wms_check_order_info   字段: create_time   字段说明: 创建时间   业务含义: 盘点明细记录在系统中被创建的时间   关键词: 创建时间,制单时间,明细创建时间   同义词: 制单时间,创建日期   示例问题: 盘点明细是什么时候创建的？,查看明细创建时间   业务领域: 仓储管理-盘点明细 ",290a89f6-fb28-42a4-ac62-807ccba1f15c,NULL,NULL
151,5261,盘点明细记录最后一次更新操作人的系统用户ID,"更新人ID,修改人ID,明细更新人","修改者ID,最后更新人ID","盘点明细最后是谁修改的？,更新人ID是多少？",仓储管理-盘点明细,0.9800,AI,2026-08-12 09:26:47.8110531,"表: wms_check_order_info   字段: update_by   字段说明: 更新人id   业务含义: 盘点明细记录最后一次更新操作人的系统用户ID   关键词: 更新人ID,修改人ID,明细更新人   同义词: 修改者ID,最后更新人ID   示例问题: 盘点明细最后是谁修改的？,更新人ID是多少？   业务领域: 仓储管理-盘点明细 ",f07b826b-530f-494a-95ef-140b664d4c08,NULL,NULL
152,5262,盘点明细记录最后一次更新操作人的姓名或系统显示名称,"更新人名称,修改人名称,明细更新人","修改者姓名,最后更新人名称","盘点明细最后是谁修改的？,更新人叫什么名字？",仓储管理-盘点明细,0.9800,AI,2026-08-12 09:26:47.8112126,"表: wms_check_order_info   字段: update_name   字段说明: 更新人名称   业务含义: 盘点明细记录最后一次更新操作人的姓名或系统显示名称   关键词: 更新人名称,修改人名称,明细更新人   同义词: 修改者姓名,最后更新人名称   示例问题: 盘点明细最后是谁修改的？,更新人叫什么名字？   业务领域: 仓储管理-盘点明细 ",f7d55e77-e4af-418f-aecd-a4f8701c41dc,NULL,NULL
153,5263,盘点明细记录最后一次被更新或修改的时间,"更新时间,修改时间,明细更新时间","修改时间,最后更新时间","盘点明细最后是什么时候修改的？,查看明细更新时间",仓储管理-盘点明细,0.9800,AI,2026-08-12 09:26:47.8113494,"表: wms_check_order_info   字段: update_time   字段说明: 更新人时间   业务含义: 盘点明细记录最后一次被更新或修改的时间   关键词: 更新时间,修改时间,明细更新时间   同义词: 修改时间,最后更新时间   示例问题: 盘点明细最后是什么时候修改的？,查看明细更新时间   业务领域: 仓储管理-盘点明细 ",b41c76f4-8878-4ba0-8503-191ce0268ffc,NULL,NULL
154,5264,盘点明细记录的逻辑删除标识，0表示未删除，1表示已删除,"删除标识,是否删除,逻辑删除","作废标识,删除状态,有效标识","盘点明细是否被删除了？,查看明细删除状态",仓储管理-盘点明细,0.9900,AI,2026-08-12 09:26:47.8114794,"表: wms_check_order_info   字段: del_flag   字段说明: 是否删除标识：0否 1是   业务含义: 盘点明细记录的逻辑删除标识，0表示未删除，1表示已删除   关键词: 删除标识,是否删除,逻辑删除   同义词: 作废标识,删除状态,有效标识   示例问题: 盘点明细是否被删除了？,查看明细删除状态   业务领域: 仓储管理-盘点明细 ",46483aef-0bec-4230-80fa-73c606f0afeb,NULL,NULL
155,5265,盘点扫码记录的系统主键ID,"主键,扫码记录ID,盘点扫码ID","记录ID,主键ID",扫码记录的主键ID是多少？,仓储管理-盘点扫码,0.9900,AI,2026-08-12 09:26:47.8116110,"表: wms_check_order_scan_info   字段: id   字段说明: 主键   业务含义: 盘点扫码记录的系统主键ID   关键词: 主键,扫码记录ID,盘点扫码ID   同义词: 记录ID,主键ID   示例问题: 扫码记录的主键ID是多少？   业务领域: 仓储管理-盘点扫码 ",0325814c-ff1a-4f72-af2c-ef34e7c10f28,NULL,NULL
156,5266,扫码记录中涉及物料的系统唯一ID,"物料ID,商品ID,扫码物料ID","物品ID,货物ID","扫码的是哪个物料ID？,查看物料ID",仓储管理-盘点扫码,0.9800,AI,2026-08-12 09:26:47.8117439,"表: wms_check_order_scan_info   字段: material_id   字段说明: 物料id   业务含义: 扫码记录中涉及物料的系统唯一ID   关键词: 物料ID,商品ID,扫码物料ID   同义词: 物品ID,货物ID   示例问题: 扫码的是哪个物料ID？,查看物料ID   业务领域: 仓储管理-盘点扫码 ",c72bf1d7-1475-46a8-826e-94c4749350c8,NULL,NULL
157,5267,扫码记录中物料的唯一编码或条码,"物料编码,物料code,商品编码","物品编码,货物代码,SKU编码","物料的编码是什么？,查看扫码物料code",仓储管理-盘点扫码,0.9800,AI,2026-08-12 09:26:47.8118761,"表: wms_check_order_scan_info   字段: material_code   字段说明: 物料code   业务含义: 扫码记录中物料的唯一编码或条码   关键词: 物料编码,物料code,商品编码   同义词: 物品编码,货物代码,SKU编码   示例问题: 物料的编码是什么？,查看扫码物料code   业务领域: 仓储管理-盘点扫码 ",e4ad89da-d452-4c62-a347-4e07def5214f,NULL,NULL
158,5268,扫码记录中物料的具体名称,"物料名称,商品名称,扫码物料名称","物品名称,货物名称","扫码的物料叫什么名字？,查看物料名称",仓储管理-盘点扫码,0.9800,AI,2026-08-12 09:26:47.8120081,"表: wms_check_order_scan_info   字段: material_name   字段说明: 物料名称   业务含义: 扫码记录中物料的具体名称   关键词: 物料名称,商品名称,扫码物料名称   同义词: 物品名称,货物名称   示例问题: 扫码的物料叫什么名字？,查看物料名称   业务领域: 仓储管理-盘点扫码 ",679f059d-5db9-48ad-bc6f-0e2df6c8f4cc,NULL,NULL
159,5269,扫码记录中实际扫描清点出的物料数量,"数量,扫码数量,实扫数量","扫描数量,清点数量","扫码扫了多少个？,查看扫码数量",仓储管理-盘点扫码,0.9500,AI,2026-08-12 09:26:47.8121291,"表: wms_check_order_scan_info   字段: quantity   字段说明: 数量   业务含义: 扫码记录中实际扫描清点出的物料数量   关键词: 数量,扫码数量,实扫数量   同义词: 扫描数量,清点数量   示例问题: 扫码扫了多少个？,查看扫码数量   业务领域: 仓储管理-盘点扫码 ",ebc9f13f-4d58-41e1-9547-7d0947bb82e7,NULL,NULL
160,5270,扫码记录中物料计量单位的系统唯一ID,"单位ID,计量单位ID,扫码单位ID",度量单位ID,扫码物料的单位ID是多少？,仓储管理-盘点扫码,0.9800,AI,2026-08-12 09:26:47.8122515,"表: wms_check_order_scan_info   字段: unit_id   字段说明: 单位id   业务含义: 扫码记录中物料计量单位的系统唯一ID   关键词: 单位ID,计量单位ID,扫码单位ID   同义词: 度量单位ID   示例问题: 扫码物料的单位ID是多少？   业务领域: 仓储管理-盘点扫码 ",f0682cd7-d8bc-4c5b-bbb7-119cf6f04fd4,NULL,NULL
161,5271,执行该扫码盘点操作的盘点人员系统用户ID,"盘点人ID,扫码人ID,执行人ID","清点人ID,操作人ID","是谁扫的码？,扫码人ID是多少？",仓储管理-盘点扫码,0.9800,AI,2026-08-12 09:26:47.8123676,"表: wms_check_order_scan_info   字段: check_by   字段说明: 盘点人id   业务含义: 执行该扫码盘点操作的盘点人员系统用户ID   关键词: 盘点人ID,扫码人ID,执行人ID   同义词: 清点人ID,操作人ID   示例问题: 是谁扫的码？,扫码人ID是多少？   业务领域: 仓储管理-盘点扫码 ",bbfad2ab-b6eb-4e0b-a213-6089d620047c,NULL,NULL
162,5272,执行该扫码盘点操作的盘点人员姓名,"盘点人名称,扫码人名称,执行人名称","清点人姓名,操作人姓名","是谁扫的码？,扫码人叫什么名字？",仓储管理-盘点扫码,0.9800,AI,2026-08-12 09:26:47.8124930,"表: wms_check_order_scan_info   字段: check_name   字段说明: 盘点人名称   业务含义: 执行该扫码盘点操作的盘点人员姓名   关键词: 盘点人名称,扫码人名称,执行人名称   同义词: 清点人姓名,操作人姓名   示例问题: 是谁扫的码？,扫码人叫什么名字？   业务领域: 仓储管理-盘点扫码 ",ca63d2b4-bed6-4c39-bdfa-f9f9b8cd7d38,NULL,NULL
163,5273,该扫码盘点操作实际执行的时间,"盘点时间,扫码时间,执行时间","清点时间,操作时间,扫描时间","是什么时候扫的码？,查看扫码时间",仓储管理-盘点扫码,0.9800,AI,2026-08-12 09:26:47.8126163,"表: wms_check_order_scan_info   字段: check_time   字段说明: 盘点时间   业务含义: 该扫码盘点操作实际执行的时间   关键词: 盘点时间,扫码时间,执行时间   同义词: 清点时间,操作时间,扫描时间   示例问题: 是什么时候扫的码？,查看扫码时间   业务领域: 仓储管理-盘点扫码 ",95ac333c-c8c0-43c7-a7cc-669dc467cc14,NULL,NULL
164,5274,扫码记录的备注信息，用于记录扫码过程中的特殊情况说明,"备注,说明,扫码备注","备注信息,说明,附言","扫码记录的备注是什么？,查看扫码说明",仓储管理-盘点扫码,0.9500,AI,2026-08-12 09:26:47.8127405,"表: wms_check_order_scan_info   字段: note   字段说明: 备注   业务含义: 扫码记录的备注信息，用于记录扫码过程中的特殊情况说明   关键词: 备注,说明,扫码备注   同义词: 备注信息,说明,附言   示例问题: 扫码记录的备注是什么？,查看扫码说明   业务领域: 仓储管理-盘点扫码 ",a93cac76-80da-4b92-9d3b-c220d9bc93b2,NULL,NULL
165,5275,扫码记录中物料的生产批次或入库批次号,"批次,批次号,扫码批次","生产批次,入库批次","扫码物料的批次号是什么？,查看扫码批次",仓储管理-盘点扫码,0.9500,AI,2026-08-12 09:26:47.8128626,"表: wms_check_order_scan_info   字段: batch   字段说明: 批次   业务含义: 扫码记录中物料的生产批次或入库批次号   关键词: 批次,批次号,扫码批次   同义词: 生产批次,入库批次   示例问题: 扫码物料的批次号是什么？,查看扫码批次   业务领域: 仓储管理-盘点扫码 ",0df0997e-b639-4299-9c14-1d53d0490250,NULL,NULL
166,5276,扫码记录中物料所在的包装箱号或容器编号,"箱号,包装箱号,扫码箱号","纸箱号,周转箱号","扫码的物料装在哪个箱子里？,查看扫码箱号",仓储管理-盘点扫码,0.9500,AI,2026-08-12 09:26:47.8130032,"表: wms_check_order_scan_info   字段: case_no   字段说明: 箱号   业务含义: 扫码记录中物料所在的包装箱号或容器编号   关键词: 箱号,包装箱号,扫码箱号   同义词: 纸箱号,周转箱号   示例问题: 扫码的物料装在哪个箱子里？,查看扫码箱号   业务领域: 仓储管理-盘点扫码 ",51f50f92-d1c5-4252-b808-6c40508f4625,NULL,NULL
167,5277,扫码记录所属的仓库编号或ID,"仓库,扫码仓库,所属仓库","库房,仓储",扫码是在哪个仓库进行的？,仓储管理-盘点扫码,0.9500,AI,2026-08-12 09:26:47.8131415,"表: wms_check_order_scan_info   字段: warehouse   字段说明: 仓库   业务含义: 扫码记录所属的仓库编号或ID   关键词: 仓库,扫码仓库,所属仓库   同义词: 库房,仓储   示例问题: 扫码是在哪个仓库进行的？   业务领域: 仓储管理-盘点扫码 ",9aab7a18-a9dc-43c9-8ddc-ec3719e287cf,NULL,NULL
168,5278,扫码记录中物料所在的具体货架编号或ID,"货架,货架编号,扫码货架","货架号,存储货架","扫码时物料在哪个货架上？,查看扫码货架编号",仓储管理-盘点扫码,0.9500,AI,2026-08-12 09:26:47.8132696,"表: wms_check_order_scan_info   字段: shelf   字段说明: 货架   业务含义: 扫码记录中物料所在的具体货架编号或ID   关键词: 货架,货架编号,扫码货架   同义词: 货架号,存储货架   示例问题: 扫码时物料在哪个货架上？,查看扫码货架编号   业务领域: 仓储管理-盘点扫码 ",cb3db226-a728-463c-9257-6792741400d4,NULL,NULL
169,5279,该扫码记录所属的盘点主单的系统唯一ID,"盘点单ID,主单ID,关联盘点单ID","盘点任务ID,盘点单编号","该扫码记录属于哪个盘点单？,查看关联盘点单ID",仓储管理-盘点扫码,0.9800,AI,2026-08-12 09:26:47.8133955,"表: wms_check_order_scan_info   字段: check_order_id   字段说明: 盘点单id   业务含义: 该扫码记录所属的盘点主单的系统唯一ID   关键词: 盘点单ID,主单ID,关联盘点单ID   同义词: 盘点任务ID,盘点单编号   示例问题: 该扫码记录属于哪个盘点单？,查看关联盘点单ID   业务领域: 仓储管理-盘点扫码 ",d86d2b8b-9c8c-45f6-8f3a-36ba9083123a,NULL,NULL
170,5280,扫码记录创建人的系统用户ID,"创建人ID,制单人ID,扫码记录创建人","制单人ID,创建者ID","扫码记录是谁创建的？,创建人ID是多少？",仓储管理-盘点扫码,0.9800,AI,2026-08-12 09:26:47.8135206,"表: wms_check_order_scan_info   字段: create_by   字段说明: 创建人id   业务含义: 扫码记录创建人的系统用户ID   关键词: 创建人ID,制单人ID,扫码记录创建人   同义词: 制单人ID,创建者ID   示例问题: 扫码记录是谁创建的？,创建人ID是多少？   业务领域: 仓储管理-盘点扫码 ",a5ad6a2e-7911-4ba9-8ae9-8ac51fcc9257,NULL,NULL
171,5281,盘点单扫码记录的创建人姓名,"创建人,姓名,盘点扫码","创建者,录入人","谁创建了这条盘点扫码记录？,盘点扫码记录的创建人是谁？",仓储盘点管理,0.9500,AI,2026-08-12 09:26:47.8136503,"表: wms_check_order_scan_info   字段: create_name   字段说明: 创建人名称   业务含义: 盘点单扫码记录的创建人姓名   关键词: 创建人,姓名,盘点扫码   同义词: 创建者,录入人   示例问题: 谁创建了这条盘点扫码记录？,盘点扫码记录的创建人是谁？   业务领域: 仓储盘点管理 ",7310620e-e358-426b-b1d0-51e9d482efb4,NULL,NULL
172,5282,盘点单扫码记录的创建时间,"创建时间,盘点扫码","录入时间,新增时间","盘点扫码记录是什么时候创建的？,这条扫码记录的创建时间是？",仓储盘点管理,0.9500,AI,2026-08-12 09:26:47.8137786,"表: wms_check_order_scan_info   字段: create_time   字段说明: 创建时间   业务含义: 盘点单扫码记录的创建时间   关键词: 创建时间,盘点扫码   同义词: 录入时间,新增时间   示例问题: 盘点扫码记录是什么时候创建的？,这条扫码记录的创建时间是？   业务领域: 仓储盘点管理 ",7bdaf1d4-eb8d-44d1-aab9-576dd061f704,NULL,NULL
173,5283,盘点单扫码记录的最后更新人ID,"更新人,ID,盘点扫码","修改人ID,最后编辑人ID","谁最后修改了这条盘点扫码记录？,盘点扫码记录的更新人ID是多少？",仓储盘点管理,0.9500,AI,2026-08-12 09:26:47.8139099,"表: wms_check_order_scan_info   字段: update_by   字段说明: 更新人id   业务含义: 盘点单扫码记录的最后更新人ID   关键词: 更新人,ID,盘点扫码   同义词: 修改人ID,最后编辑人ID   示例问题: 谁最后修改了这条盘点扫码记录？,盘点扫码记录的更新人ID是多少？   业务领域: 仓储盘点管理 ",7c997cf4-3fd5-4773-a771-a89f443ec3fc,NULL,NULL
174,5284,盘点单扫码记录的最后更新人姓名,"更新人,姓名,盘点扫码","修改人姓名,最后编辑人","谁最后修改了这条盘点扫码记录？,盘点扫码记录的更新人是谁？",仓储盘点管理,0.9500,AI,2026-08-12 09:26:47.8140426,"表: wms_check_order_scan_info   字段: update_name   字段说明: 更新人名称   业务含义: 盘点单扫码记录的最后更新人姓名   关键词: 更新人,姓名,盘点扫码   同义词: 修改人姓名,最后编辑人   示例问题: 谁最后修改了这条盘点扫码记录？,盘点扫码记录的更新人是谁？   业务领域: 仓储盘点管理 ",e6965163-cce0-45b2-88dc-d51d6ffcbe46,NULL,NULL
175,5285,盘点单扫码记录的最后更新时间,"更新时间,盘点扫码","修改时间,最后编辑时间","盘点扫码记录最后是什么时候修改的？,这条扫码记录的更新时间是？",仓储盘点管理,0.9500,AI,2026-08-12 09:26:47.8141675,"表: wms_check_order_scan_info   字段: update_time   字段说明: 更新人时间   业务含义: 盘点单扫码记录的最后更新时间   关键词: 更新时间,盘点扫码   同义词: 修改时间,最后编辑时间   示例问题: 盘点扫码记录最后是什么时候修改的？,这条扫码记录的更新时间是？   业务领域: 仓储盘点管理 ",4bd19454-6098-468d-8a50-5f181bcbe31a,NULL,NULL
176,5286,盘点单扫码记录的删除标识（0表示未删除，1表示已删除）,"删除标识,逻辑删除,盘点扫码","是否删除,作废标识","这条盘点扫码记录被删除了吗？,盘点扫码记录的删除状态是什么？",仓储盘点管理,0.9800,AI,2026-08-12 09:26:47.8143021,"表: wms_check_order_scan_info   字段: del_flag   字段说明: 是否删除标识：0否 1是   业务含义: 盘点单扫码记录的删除标识（0表示未删除，1表示已删除）   关键词: 删除标识,逻辑删除,盘点扫码   同义词: 是否删除,作废标识   示例问题: 这条盘点扫码记录被删除了吗？,盘点扫码记录的删除状态是什么？   业务领域: 仓储盘点管理 ",b0d05f60-b6b3-477a-835e-4ec1ba4d8900,NULL,NULL
177,5287,客户条码记录的主键ID,"主键,ID,客户条码","记录ID,唯一标识","客户条码记录的主键是什么？,这条客户条码的ID是多少？",仓储基础数据,0.9800,AI,2026-08-12 09:26:47.8144295,"表: wms_customer_barcode   字段: id   字段说明: id   业务含义: 客户条码记录的主键ID   关键词: 主键,ID,客户条码   同义词: 记录ID,唯一标识   示例问题: 客户条码记录的主键是什么？,这条客户条码的ID是多少？   业务领域: 仓储基础数据 ",da24b1eb-3d74-40f8-a538-12f08e8d4dea,NULL,NULL
178,5288,客户条码对应的箱号,"箱号,包装箱,客户条码","包装箱号,外箱号","这个客户条码对应的箱号是多少？,查一下这个箱号对应的客户条码。",仓储基础数据,0.9500,AI,2026-08-12 09:26:47.8145486,"表: wms_customer_barcode   字段: case_no   字段说明: 箱号   业务含义: 客户条码对应的箱号   关键词: 箱号,包装箱,客户条码   同义词: 包装箱号,外箱号   示例问题: 这个客户条码对应的箱号是多少？,查一下这个箱号对应的客户条码。   业务领域: 仓储基础数据 ",252ef2cf-15c5-4558-a68b-57d612f6b657,NULL,NULL
179,5289,客户提供的物料或商品条码,"客户条码,条码,物料条码","客户料号条码,外部条码","这个物料的客户条码是什么？,查一下客户条码对应的信息。",仓储基础数据,0.9500,AI,2026-08-12 09:26:47.8146733,"表: wms_customer_barcode   字段: customer_barcode   字段说明: 客户条码   业务含义: 客户提供的物料或商品条码   关键词: 客户条码,条码,物料条码   同义词: 客户料号条码,外部条码   示例问题: 这个物料的客户条码是什么？,查一下客户条码对应的信息。   业务领域: 仓储基础数据 ",4012a234-d98d-4821-9ffc-d5fd5763785f,NULL,NULL
180,5290,客户条码记录的创建人ID,"创建人,ID,客户条码","录入人ID,新增人ID","谁录入了这个客户条码？,客户条码的创建人ID是多少？",仓储基础数据,0.9500,AI,2026-08-12 09:26:47.8147972,"表: wms_customer_barcode   字段: create_by   字段说明: 创建人id   业务含义: 客户条码记录的创建人ID   关键词: 创建人,ID,客户条码   同义词: 录入人ID,新增人ID   示例问题: 谁录入了这个客户条码？,客户条码的创建人ID是多少？   业务领域: 仓储基础数据 ",2e383894-6c8e-43a7-bcc7-3f05265fb5f0,NULL,NULL
181,5291,客户条码记录的创建人姓名,"创建人,姓名,客户条码","录入人,新增人","谁录入了这个客户条码？,客户条码的创建人是谁？",仓储基础数据,0.9500,AI,2026-08-12 09:26:47.8149129,"表: wms_customer_barcode   字段: create_name   字段说明: 创建人名称   业务含义: 客户条码记录的创建人姓名   关键词: 创建人,姓名,客户条码   同义词: 录入人,新增人   示例问题: 谁录入了这个客户条码？,客户条码的创建人是谁？   业务领域: 仓储基础数据 ",6510b3de-d7ed-46fd-ae82-eea9402226a6,NULL,NULL
182,5292,客户条码记录的创建时间,"创建时间,客户条码","录入时间,新增时间","这个客户条码是什么时候录入的？,客户条码的创建时间是？",仓储基础数据,0.9500,AI,2026-08-12 09:26:47.8150282,"表: wms_customer_barcode   字段: create_time   字段说明: 创建时间   业务含义: 客户条码记录的创建时间   关键词: 创建时间,客户条码   同义词: 录入时间,新增时间   示例问题: 这个客户条码是什么时候录入的？,客户条码的创建时间是？   业务领域: 仓储基础数据 ",54bc19f7-f384-45c5-91c7-24ad5919002f,NULL,NULL
183,5293,客户条码记录的最后更新人ID,"更新人,ID,客户条码","修改人ID,最后编辑人ID","谁最后修改了这个客户条码？,客户条码的更新人ID是多少？",仓储基础数据,0.9500,AI,2026-08-12 09:26:47.8157567,"表: wms_customer_barcode   字段: update_by   字段说明: 更新人id   业务含义: 客户条码记录的最后更新人ID   关键词: 更新人,ID,客户条码   同义词: 修改人ID,最后编辑人ID   示例问题: 谁最后修改了这个客户条码？,客户条码的更新人ID是多少？   业务领域: 仓储基础数据 ",8702b97c-268a-440b-b61e-649dcb7137df,NULL,NULL
184,5294,客户条码记录的最后更新人姓名,"更新人,姓名,客户条码","修改人,最后编辑人","谁最后修改了这个客户条码？,客户条码的更新人是谁？",仓储基础数据,0.9500,AI,2026-08-12 09:26:47.8159413,"表: wms_customer_barcode   字段: update_name   字段说明: 更新人名称   业务含义: 客户条码记录的最后更新人姓名   关键词: 更新人,姓名,客户条码   同义词: 修改人,最后编辑人   示例问题: 谁最后修改了这个客户条码？,客户条码的更新人是谁？   业务领域: 仓储基础数据 ",eb1350e1-5fea-4315-9501-15c15284e5f3,NULL,NULL
185,5295,客户条码记录的最后更新时间,"更新时间,客户条码","修改时间,最后编辑时间","这个客户条码最后是什么时候修改的？,客户条码的更新时间是？",仓储基础数据,0.9500,AI,2026-08-12 09:26:47.8160942,"表: wms_customer_barcode   字段: update_time   字段说明: 更新人时间   业务含义: 客户条码记录的最后更新时间   关键词: 更新时间,客户条码   同义词: 修改时间,最后编辑时间   示例问题: 这个客户条码最后是什么时候修改的？,客户条码的更新时间是？   业务领域: 仓储基础数据 ",14f01c3a-eec1-4170-8cfc-61b42b0c900e,NULL,NULL
186,5296,客户条码记录的删除标识（0表示未删除，1表示已删除）,"删除标识,逻辑删除,客户条码","是否删除,作废标识","这个客户条码被删除了吗？,客户条码的删除状态是什么？",仓储基础数据,0.9800,AI,2026-08-12 09:26:47.8162158,"表: wms_customer_barcode   字段: del_flag   字段说明: 是否删除标识：0否 1是   业务含义: 客户条码记录的删除标识（0表示未删除，1表示已删除）   关键词: 删除标识,逻辑删除,客户条码   同义词: 是否删除,作废标识   示例问题: 这个客户条码被删除了吗？,客户条码的删除状态是什么？   业务领域: 仓储基础数据 ",d85c84b2-f3ea-401a-a6a9-b6e5ace6acb3,NULL,NULL
187,5297,出库单的主键ID,"主键,ID,出库单","出库单ID,单据ID","这张出库单的主键是什么？,出库单的ID是多少？",仓储出库管理,0.9800,AI,2026-08-12 09:26:47.8163509,"表: wms_delivery_receipt   字段: id   字段说明: 主键   业务含义: 出库单的主键ID   关键词: 主键,ID,出库单   同义词: 出库单ID,单据ID   示例问题: 这张出库单的主键是什么？,出库单的ID是多少？   业务领域: 仓储出库管理 ",7b537da8-437f-466c-9a7f-2adc20910f19,NULL,NULL
188,5298,出库单的单据编码,"编码,单号,出库单","出库单号,单据编号","这张出库单的单号是多少？,查一下这个出库单号。",仓储出库管理,0.9800,AI,2026-08-12 09:26:47.8164690,"表: wms_delivery_receipt   字段: code   字段说明: 编码   业务含义: 出库单的单据编码   关键词: 编码,单号,出库单   同义词: 出库单号,单据编号   示例问题: 这张出库单的单号是多少？,查一下这个出库单号。   业务领域: 仓储出库管理 ",9afe8d7f-443c-429e-acf3-d215d865613e,NULL,NULL
189,5299,出库单的业务类型,"类型,出库类型,出库单","业务类型,单据类型","这张出库单是什么类型的？,出库单的类型有哪些？",仓储出库管理,0.9500,AI,2026-08-12 09:26:47.8165819,"表: wms_delivery_receipt   字段: type   字段说明: 类型   业务含义: 出库单的业务类型   关键词: 类型,出库类型,出库单   同义词: 业务类型,单据类型   示例问题: 这张出库单是什么类型的？,出库单的类型有哪些？   业务领域: 仓储出库管理 ",369aae13-84ad-40bc-bb77-2a784eb73b74,NULL,NULL
190,5300,出库单的当前处理状态,"状态,出库状态,出库单","单据状态,处理进度","这张出库单现在的状态是什么？,有多少出库单是已完成状态？",仓储出库管理,0.9500,AI,2026-08-12 09:26:47.8166913,"表: wms_delivery_receipt   字段: status   字段说明: 状态   业务含义: 出库单的当前处理状态   关键词: 状态,出库状态,出库单   同义词: 单据状态,处理进度   示例问题: 这张出库单现在的状态是什么？,有多少出库单是已完成状态？   业务领域: 仓储出库管理 ",caf8e471-d2fb-47cc-8269-cad4d00bdc22,NULL,NULL
191,5301,出库单所属的仓库ID,"仓库,ID,出库单","出库仓库ID,发货仓库ID","这张出库单是从哪个仓库发出的？,出库单对应的仓库ID是多少？",仓储出库管理,0.9500,AI,2026-08-12 09:26:47.8168038,"表: wms_delivery_receipt   字段: warehouse_id   字段说明: 仓库id   业务含义: 出库单所属的仓库ID   关键词: 仓库,ID,出库单   同义词: 出库仓库ID,发货仓库ID   示例问题: 这张出库单是从哪个仓库发出的？,出库单对应的仓库ID是多少？   业务领域: 仓储出库管理 ",4286b4eb-e93a-4f85-93a4-9d1b508deb9c,NULL,NULL
192,5302,出库单的确认时间,"确认时间,出库单","审核时间,复核时间","这张出库单是什么时候确认的？,出库单的确认时间是？",仓储出库管理,0.9500,AI,2026-08-12 09:26:47.8169146,"表: wms_delivery_receipt   字段: affirm_time   字段说明: 确认时间   业务含义: 出库单的确认时间   关键词: 确认时间,出库单   同义词: 审核时间,复核时间   示例问题: 这张出库单是什么时候确认的？,出库单的确认时间是？   业务领域: 仓储出库管理 ",dea513ee-870d-433f-aa38-92ce493c0dd7,NULL,NULL
193,5303,出库单的确认人姓名,"确认人,出库单","审核人,复核人","谁确认了这张出库单？,出库单的确认人是谁？",仓储出库管理,0.9500,AI,2026-08-12 09:26:47.8170222,"表: wms_delivery_receipt   字段: affirm_name   字段说明: 确认人   业务含义: 出库单的确认人姓名   关键词: 确认人,出库单   同义词: 审核人,复核人   示例问题: 谁确认了这张出库单？,出库单的确认人是谁？   业务领域: 仓储出库管理 ",542cf088-9a67-4dc6-b0e0-8fccaaa63cdb,NULL,NULL
194,5304,出库单的数据同步人姓名,"同步人,出库单","回传人,接口同步人","谁同步了这张出库单的数据？,出库单的同步人是谁？",仓储出库管理,0.9000,AI,2026-08-12 09:26:47.8171307,"表: wms_delivery_receipt   字段: syn_name   字段说明: 同步人   业务含义: 出库单的数据同步人姓名   关键词: 同步人,出库单   同义词: 回传人,接口同步人   示例问题: 谁同步了这张出库单的数据？,出库单的同步人是谁？   业务领域: 仓储出库管理 ",edf423cb-b98e-48f1-a2c0-5ea511b384b6,NULL,NULL
195,5305,出库单关联的产线ID,"产线,ID,出库单","生产线ID,车间ID","这张出库单是哪个产线的？,出库单对应的产线ID是多少？",仓储出库管理,0.9500,AI,2026-08-12 09:26:47.8172413,"表: wms_delivery_receipt   字段: product_line_id   字段说明: 产线id   业务含义: 出库单关联的产线ID   关键词: 产线,ID,出库单   同义词: 生产线ID,车间ID   示例问题: 这张出库单是哪个产线的？,出库单对应的产线ID是多少？   业务领域: 仓储出库管理 ",a4dded25-fb00-43c5-bedb-3ccabee12758,NULL,NULL
196,5306,出库单关联的产线名称,"产线,名称,出库单","生产线名称,车间名称","这张出库单属于哪个产线？,出库单对应的产线名称是什么？",仓储出库管理,0.9500,AI,2026-08-12 09:26:47.8173475,"表: wms_delivery_receipt   字段: product_line_name   字段说明: 产线名称   业务含义: 出库单关联的产线名称   关键词: 产线,名称,出库单   同义词: 生产线名称,车间名称   示例问题: 这张出库单属于哪个产线？,出库单对应的产线名称是什么？   业务领域: 仓储出库管理 ",4c641c48-7504-4b1d-9940-fa6d04f049b7,NULL,NULL
197,5307,出库单的实际出库时间,"出库时间,发货时间,出库单","实际出库时间,发货完成时间","这张出库单是什么时候出库的？,出库单的实际出库时间是？",仓储出库管理,0.9800,AI,2026-08-12 09:26:47.8174576,"表: wms_delivery_receipt   字段: out_time   字段说明: 出库时间   业务含义: 出库单的实际出库时间   关键词: 出库时间,发货时间,出库单   同义词: 实际出库时间,发货完成时间   示例问题: 这张出库单是什么时候出库的？,出库单的实际出库时间是？   业务领域: 仓储出库管理 ",63fcfc0f-6adf-46ab-93d7-0bc42912b222,NULL,NULL
198,5308,出库单的备注信息,"备注,说明,出库单","备注信息,附加说明","这张出库单有什么备注吗？,出库单的备注信息是什么？",仓储出库管理,0.9500,AI,2026-08-12 09:26:47.8175744,"表: wms_delivery_receipt   字段: note   字段说明: 备注   业务含义: 出库单的备注信息   关键词: 备注,说明,出库单   同义词: 备注信息,附加说明   示例问题: 这张出库单有什么备注吗？,出库单的备注信息是什么？   业务领域: 仓储出库管理 ",2afe80b6-44b8-4c1a-ac91-b86ae1cdd1ee,NULL,NULL
199,5309,出库单的创建人ID,"创建人,ID,出库单","制单人ID,录入人ID","谁创建了这张出库单？,出库单的创建人ID是多少？",仓储出库管理,0.9500,AI,2026-08-12 09:26:47.8176912,"表: wms_delivery_receipt   字段: create_by   字段说明: 创建人id   业务含义: 出库单的创建人ID   关键词: 创建人,ID,出库单   同义词: 制单人ID,录入人ID   示例问题: 谁创建了这张出库单？,出库单的创建人ID是多少？   业务领域: 仓储出库管理 ",8d3ca9f7-8590-4cd3-96e4-cb10871d7a0b,NULL,NULL
200,5310,出库单的创建人姓名,"创建人,姓名,出库单","制单人,录入人","谁创建了这张出库单？,出库单的创建人是谁？",仓储出库管理,0.9500,AI,2026-08-12 09:26:47.8178186,"表: wms_delivery_receipt   字段: create_name   字段说明: 创建人名称   业务含义: 出库单的创建人姓名   关键词: 创建人,姓名,出库单   同义词: 制单人,录入人   示例问题: 谁创建了这张出库单？,出库单的创建人是谁？   业务领域: 仓储出库管理 ",d6e59a5b-55e7-4fc0-8776-3f6a745ad67d,NULL,NULL
201,5311,出库单的创建时间,"创建时间,出库单","制单时间,录入时间","这张出库单是什么时候创建的？,出库单的创建时间是？",仓储出库管理,0.9500,AI,2026-08-12 09:26:47.8179517,"表: wms_delivery_receipt   字段: create_time   字段说明: 创建时间   业务含义: 出库单的创建时间   关键词: 创建时间,出库单   同义词: 制单时间,录入时间   示例问题: 这张出库单是什么时候创建的？,出库单的创建时间是？   业务领域: 仓储出库管理 ",2498a67c-3395-4c8c-9897-4d1111feec2c,NULL,NULL
202,5312,出库单的最后更新人ID,"更新人,ID,出库单","修改人ID,最后编辑人ID","谁最后修改了这张出库单？,出库单的更新人ID是多少？",仓储出库管理,0.9500,AI,2026-08-12 09:26:47.8181026,"表: wms_delivery_receipt   字段: update_by   字段说明: 更新人id   业务含义: 出库单的最后更新人ID   关键词: 更新人,ID,出库单   同义词: 修改人ID,最后编辑人ID   示例问题: 谁最后修改了这张出库单？,出库单的更新人ID是多少？   业务领域: 仓储出库管理 ",347c5858-28de-4ba2-859b-21ba9b49411a,NULL,NULL
203,5313,出库单的最后更新人姓名,"更新人,姓名,出库单","修改人,最后编辑人","谁最后修改了这张出库单？,出库单的更新人是谁？",仓储出库管理,0.9500,AI,2026-08-12 09:26:47.8182528,"表: wms_delivery_receipt   字段: update_name   字段说明: 更新人名称   业务含义: 出库单的最后更新人姓名   关键词: 更新人,姓名,出库单   同义词: 修改人,最后编辑人   示例问题: 谁最后修改了这张出库单？,出库单的更新人是谁？   业务领域: 仓储出库管理 ",832a5277-0eda-46b8-9723-1edaa37e3262,NULL,NULL
204,5314,出库单的最后更新时间,"更新时间,出库单","修改时间,最后编辑时间","这张出库单最后是什么时候修改的？,出库单的更新时间是？",仓储出库管理,0.9500,AI,2026-08-12 09:26:47.8185868,"表: wms_delivery_receipt   字段: update_time   字段说明: 更新人时间   业务含义: 出库单的最后更新时间   关键词: 更新时间,出库单   同义词: 修改时间,最后编辑时间   示例问题: 这张出库单最后是什么时候修改的？,出库单的更新时间是？   业务领域: 仓储出库管理 ",6a7a77c1-ce27-40c3-915e-f62acef54512,NULL,NULL
205,5315,出库单的删除标识（0表示未删除，1表示已删除）,"删除标识,逻辑删除,出库单","是否删除,作废标识","这张出库单被删除了吗？,出库单的删除状态是什么？",仓储出库管理,0.9800,AI,2026-08-12 09:26:47.8187722,"表: wms_delivery_receipt   字段: del_flag   字段说明: 是否删除标识：0否 1是   业务含义: 出库单的删除标识（0表示未删除，1表示已删除）   关键词: 删除标识,逻辑删除,出库单   同义词: 是否删除,作废标识   示例问题: 这张出库单被删除了吗？,出库单的删除状态是什么？   业务领域: 仓储出库管理 ",a096cb7b-3bb6-4fcf-800a-1f282dfb4499,NULL,NULL
206,5316,出库单关联的销售物流单号,"物流单号,销售单号,出库单","销售订单号,关联物流单","这张出库单关联的物流单号是多少？,出库单对应的销售单号是什么？",仓储出库管理,0.9500,AI,2026-08-12 09:26:47.8189362,"表: wms_delivery_receipt   字段: sales_order   字段说明: 关联sales 物流单号   业务含义: 出库单关联的销售物流单号   关键词: 物流单号,销售单号,出库单   同义词: 销售订单号,关联物流单   示例问题: 这张出库单关联的物流单号是多少？,出库单对应的销售单号是什么？   业务领域: 仓储出库管理 ",5ac93711-b00f-4299-a748-05b0226ae491,NULL,NULL
207,5317,出库单关联的报工单主键ID,"报工ID,关联主键,出库单","关联报工单ID,生产报工ID","这张出库单关联的报工单ID是多少？,出库单对应的报工主键是什么？",仓储出库管理,0.9000,AI,2026-08-12 09:26:47.8190937,"表: wms_delivery_receipt   字段: linked_id   字段说明: 关联的主键-报工id   业务含义: 出库单关联的报工单主键ID   关键词: 报工ID,关联主键,出库单   同义词: 关联报工单ID,生产报工ID   示例问题: 这张出库单关联的报工单ID是多少？,出库单对应的报工主键是什么？   业务领域: 仓储出库管理 ",96a77b19-72f9-400b-818b-fdca3b057388,NULL,NULL
208,5318,出库单需求人记录的主键ID,"主键,ID,需求人","记录ID,唯一标识","出库单需求人记录的主键是什么？,这条需求人记录的ID是多少？",仓储出库管理,0.9800,AI,2026-08-12 09:26:47.8192373,"表: wms_delivery_receipt_demander   字段: id   字段说明:    业务含义: 出库单需求人记录的主键ID   关键词: 主键,ID,需求人   同义词: 记录ID,唯一标识   示例问题: 出库单需求人记录的主键是什么？,这条需求人记录的ID是多少？   业务领域: 仓储出库管理 ",91844ba0-4ccc-42ba-86a4-4a320fbf24e1,NULL,NULL
209,5319,出库单的需求人ID,"需求人,ID,出库单","领料人ID,申请人ID","这张出库单的需求人ID是多少？,谁是这张出库单的需求人？",仓储出库管理,0.9500,AI,2026-08-12 09:26:47.8193847,"表: wms_delivery_receipt_demander   字段: demander_id   字段说明: 需求人id   业务含义: 出库单的需求人ID   关键词: 需求人,ID,出库单   同义词: 领料人ID,申请人ID   示例问题: 这张出库单的需求人ID是多少？,谁是这张出库单的需求人？   业务领域: 仓储出库管理 ",27493eca-4872-4b24-a245-7f2c11458415,NULL,NULL
210,5320,出库单的需求人姓名,"需求人,姓名,出库单","领料人,申请人","这张出库单的需求人是谁？,出库单对应的领料人姓名是什么？",仓储出库管理,0.9500,AI,2026-08-12 09:26:47.8195329,"表: wms_delivery_receipt_demander   字段: demander_name   字段说明: 需求人名称   业务含义: 出库单的需求人姓名   关键词: 需求人,姓名,出库单   同义词: 领料人,申请人   示例问题: 这张出库单的需求人是谁？,出库单对应的领料人姓名是什么？   业务领域: 仓储出库管理 ",88ac0936-ead1-4eda-86c9-37ff99982fc2,NULL,NULL
211,5321,出库单需求人关联的出库单明细ID,"明细ID,出库单明细,需求人","出库明细ID,行项目ID","这个需求人对应的是哪条出库明细？,需求人关联的出库单明细ID是多少？",仓储出库管理,0.9500,AI,2026-08-12 09:26:47.8197127,"表: wms_delivery_receipt_demander   字段: delivery_receipt_info_id   字段说明: 出库单明细id   业务含义: 出库单需求人关联的出库单明细ID   关键词: 明细ID,出库单明细,需求人   同义词: 出库明细ID,行项目ID   示例问题: 这个需求人对应的是哪条出库明细？,需求人关联的出库单明细ID是多少？   业务领域: 仓储出库管理 ",3c647be4-0d55-4187-ad86-f3061d74dbf7,NULL,NULL
212,5322,出库单需求人关联的出库单主键ID,"出库单ID,出库单,需求人","关联出库单ID,单据ID","这个需求人属于哪张出库单？,需求人关联的出库单ID是多少？",仓储出库管理,0.9500,AI,2026-08-12 09:26:47.8198678,"表: wms_delivery_receipt_demander   字段: delivery_receipt_id   字段说明: 出库单id   业务含义: 出库单需求人关联的出库单主键ID   关键词: 出库单ID,出库单,需求人   同义词: 关联出库单ID,单据ID   示例问题: 这个需求人属于哪张出库单？,需求人关联的出库单ID是多少？   业务领域: 仓储出库管理 ",3959d7e9-71f5-4b4b-ac92-ba0d044c0903,NULL,NULL
213,5323,出库单明细记录的主键ID,"主键,ID,出库单明细","明细ID,行项目ID","出库单明细的主键是什么？,这条出库明细的ID是多少？",仓储出库管理,0.9800,AI,2026-08-12 09:26:47.8200201,"表: wms_delivery_receipt_info   字段: id   字段说明: 主键   业务含义: 出库单明细记录的主键ID   关键词: 主键,ID,出库单明细   同义词: 明细ID,行项目ID   示例问题: 出库单明细的主键是什么？,这条出库明细的ID是多少？   业务领域: 仓储出库管理 ",6d0f2ae5-4be8-4cf2-92a8-6c6a83ef6341,NULL,NULL
214,5324,出库单明细中的物料ID,"物料,ID,出库单明细","商品ID,货品ID","这条出库明细包含的物料ID是多少？,出库单明细对应的物料是什么？",仓储出库管理,0.9500,AI,2026-08-12 09:26:47.8201574,"表: wms_delivery_receipt_info   字段: material_id   字段说明: 物料id   业务含义: 出库单明细中的物料ID   关键词: 物料,ID,出库单明细   同义词: 商品ID,货品ID   示例问题: 这条出库明细包含的物料ID是多少？,出库单明细对应的物料是什么？   业务领域: 仓储出库管理 ",0188e65a-8831-4133-bc65-f07d467caac0,NULL,NULL
215,5325,出库单明细扣减的库存记录ID,"库存,ID,出库单明细","库存台账ID,库存批次ID","这条出库明细扣减了哪条库存记录？,出库明细对应的库存ID是多少？",仓储出库管理,0.9000,AI,2026-08-12 09:26:47.8202893,"表: wms_delivery_receipt_info   字段: inventory_id   字段说明: 库存id   业务含义: 出库单明细扣减的库存记录ID   关键词: 库存,ID,出库单明细   同义词: 库存台账ID,库存批次ID   示例问题: 这条出库明细扣减了哪条库存记录？,出库明细对应的库存ID是多少？   业务领域: 仓储出库管理 ",f9330e8d-2398-4728-9ea8-3026452ef227,NULL,NULL
216,5326,出库单明细的实际出库数量,"数量,出库数量,出库单明细","出库数,发货数量","这条出库明细的出库数量是多少？,这个物料出了多少个？",仓储出库管理,0.9800,AI,2026-08-12 09:26:47.8204295,"表: wms_delivery_receipt_info   字段: quantity   字段说明: 数量   业务含义: 出库单明细的实际出库数量   关键词: 数量,出库数量,出库单明细   同义词: 出库数,发货数量   示例问题: 这条出库明细的出库数量是多少？,这个物料出了多少个？   业务领域: 仓储出库管理 ",ab1611ad-7122-4a82-a9ca-897990fc838d,NULL,NULL
217,5327,出库单明细所属的出库单主键ID,"出库单ID,出库单,明细","关联出库单ID,主单ID","这条出库明细属于哪张出库单？,出库明细对应的出库单ID是多少？",仓储出库管理,0.9500,AI,2026-08-12 09:26:47.8205691,"表: wms_delivery_receipt_info   字段: delivery_receipt_id   字段说明: 出库单id   业务含义: 出库单明细所属的出库单主键ID   关键词: 出库单ID,出库单,明细   同义词: 关联出库单ID,主单ID   示例问题: 这条出库明细属于哪张出库单？,出库明细对应的出库单ID是多少？   业务领域: 仓储出库管理 ",32a2b322-ae07-4598-8b8c-49fca10d4b5f,NULL,NULL
218,5328,出库单明细关联的外部单据号,"关联单据,单号,出库单明细","外部单号,来源单号","这条出库明细关联的单据号是多少？,出库明细的来源单号是什么？",仓储出库管理,0.9500,AI,2026-08-12 09:26:47.8206999,"表: wms_delivery_receipt_info   字段: associated_no   字段说明: 关联单据   业务含义: 出库单明细关联的外部单据号   关键词: 关联单据,单号,出库单明细   同义词: 外部单号,来源单号   示例问题: 这条出库明细关联的单据号是多少？,出库明细的来源单号是什么？   业务领域: 仓储出库管理 ",a7931bb4-b110-47df-9674-4e7de60fd0af,NULL,NULL
219,5329,出库单明细的创建人ID,"创建人,ID,出库单明细","录入人ID,新增人ID","谁录入了这条出库明细？,出库明细的创建人ID是多少？",仓储出库管理,0.9500,AI,2026-08-12 09:26:47.8208518,"表: wms_delivery_receipt_info   字段: create_by   字段说明: 创建人id   业务含义: 出库单明细的创建人ID   关键词: 创建人,ID,出库单明细   同义词: 录入人ID,新增人ID   示例问题: 谁录入了这条出库明细？,出库明细的创建人ID是多少？   业务领域: 仓储出库管理 ",08294cd2-0f99-4ff2-8979-2a1a9b007f48,NULL,NULL
220,5330,出库单明细的创建人姓名,"创建人,姓名,出库单明细","录入人,新增人","谁录入了这条出库明细？,出库明细的创建人是谁？",仓储出库管理,0.9500,AI,2026-08-12 09:26:47.8209805,"表: wms_delivery_receipt_info   字段: create_name   字段说明: 创建人名称   业务含义: 出库单明细的创建人姓名   关键词: 创建人,姓名,出库单明细   同义词: 录入人,新增人   示例问题: 谁录入了这条出库明细？,出库明细的创建人是谁？   业务领域: 仓储出库管理 ",a2b5b9aa-992a-4b3e-908b-aae69000d8b8,NULL,NULL
221,5331,发货单或出库单信息的创建时间,"创建时间,发货单,出库单","建立时间,新增时间","发货单是什么时候创建的？,出库单创建日期是哪天？",仓储管理,0.9500,AI,2026-08-12 09:26:47.8211110,"表: wms_delivery_receipt_info   字段: create_time   字段说明: 创建时间   业务含义: 发货单或出库单信息的创建时间   关键词: 创建时间,发货单,出库单   同义词: 建立时间,新增时间   示例问题: 发货单是什么时候创建的？,出库单创建日期是哪天？   业务领域: 仓储管理 ",c4239edd-4d43-429f-b370-05a8661ec75e,NULL,NULL
222,5332,发货单或出库单信息的最后更新人ID,"更新人,修改人,发货单","修改人ID,最后更新人","谁修改了这张发货单？,出库单最后更新人的ID是多少？",仓储管理,0.9500,AI,2026-08-12 09:26:47.8212462,"表: wms_delivery_receipt_info   字段: update_by   字段说明: 更新人id   业务含义: 发货单或出库单信息的最后更新人ID   关键词: 更新人,修改人,发货单   同义词: 修改人ID,最后更新人   示例问题: 谁修改了这张发货单？,出库单最后更新人的ID是多少？   业务领域: 仓储管理 ",851d7c08-01ab-4574-b987-f9b70daeb6f1,NULL,NULL
223,5333,发货单或出库单信息的最后更新人名称,"更新人名称,修改人姓名,发货单","修改人,最后更新者","这张发货单最后是谁修改的？,出库单更新人叫什么名字？",仓储管理,0.9500,AI,2026-08-12 09:26:47.8213851,"表: wms_delivery_receipt_info   字段: update_name   字段说明: 更新人名称   业务含义: 发货单或出库单信息的最后更新人名称   关键词: 更新人名称,修改人姓名,发货单   同义词: 修改人,最后更新者   示例问题: 这张发货单最后是谁修改的？,出库单更新人叫什么名字？   业务领域: 仓储管理 ",6166d071-06de-431e-a107-05b3f88f5298,NULL,NULL
224,5334,发货单或出库单信息的最后更新时间,"更新时间,修改时间,发货单","最后修改时间,变更日期","发货单最后更新是什么时候？,出库单最近一次修改时间？",仓储管理,0.9500,AI,2026-08-12 09:26:47.8215191,"表: wms_delivery_receipt_info   字段: update_time   字段说明: 更新人时间   业务含义: 发货单或出库单信息的最后更新时间   关键词: 更新时间,修改时间,发货单   同义词: 最后修改时间,变更日期   示例问题: 发货单最后更新是什么时候？,出库单最近一次修改时间？   业务领域: 仓储管理 ",6874c8c6-5ec1-4486-85c0-b1232ad2c5d8,NULL,NULL
225,5335,发货单或出库单信息的逻辑删除标识（0表示未删除，1表示已删除）,"删除标识,逻辑删除,发货单","是否删除,作废标识","这张发货单被删除了吗？,出库单是否已作废？",仓储管理,0.9800,AI,2026-08-12 09:26:47.8218438,"表: wms_delivery_receipt_info   字段: del_flag   字段说明: 是否删除标识：0否 1是   业务含义: 发货单或出库单信息的逻辑删除标识（0表示未删除，1表示已删除）   关键词: 删除标识,逻辑删除,发货单   同义词: 是否删除,作废标识   示例问题: 这张发货单被删除了吗？,出库单是否已作废？   业务领域: 仓储管理 ",fba550cc-e64e-4159-b835-642234e3dd59,NULL,NULL
226,5336,库存记录的唯一主键标识,"主键,库存ID,记录ID","唯一标识,库存编号","这条库存记录的主键是什么？,库存ID是多少？",库存管理,0.9900,AI,2026-08-12 09:26:47.8220484,"表: wms_inventory   字段: id   字段说明: 主键   业务含义: 库存记录的唯一主键标识   关键词: 主键,库存ID,记录ID   同义词: 唯一标识,库存编号   示例问题: 这条库存记录的主键是什么？,库存ID是多少？   业务领域: 库存管理 ",bcff8fca-384e-4859-b2a0-f3273fa1f27c,NULL,NULL
227,5337,库存对应的物料唯一标识,"物料ID,商品ID,库存","物资编号,货品ID","这个库存对应哪个物料？,库存的物料ID是多少？",库存管理,0.9500,AI,2026-08-12 09:26:47.8221828,"表: wms_inventory   字段: material_id   字段说明: 物料id   业务含义: 库存对应的物料唯一标识   关键词: 物料ID,商品ID,库存   同义词: 物资编号,货品ID   示例问题: 这个库存对应哪个物料？,库存的物料ID是多少？   业务领域: 库存管理 ",6d1da077-8faf-4004-8e81-b81a2587626f,NULL,NULL
228,5338,库存对应的物料名称,"物料名称,商品名称,库存","货品名称,物资名称","这个库存是什么物料？,库存对应的商品叫什么？",库存管理,0.9500,AI,2026-08-12 09:26:47.8223123,"表: wms_inventory   字段: material_name   字段说明: 物料名称   业务含义: 库存对应的物料名称   关键词: 物料名称,商品名称,库存   同义词: 货品名称,物资名称   示例问题: 这个库存是什么物料？,库存对应的商品叫什么？   业务领域: 库存管理 ",dd909409-770c-4e0c-995b-295190845702,NULL,NULL
229,5339,库存对应的物料编码,"物料编码,商品编码,库存","货品代码,物资编码,SKU码","这个库存的物料编码是多少？,查一下该物料的SKU码。",库存管理,0.9500,AI,2026-08-12 09:26:47.8224488,"表: wms_inventory   字段: material_code   字段说明: 物料编码   业务含义: 库存对应的物料编码   关键词: 物料编码,商品编码,库存   同义词: 货品代码,物资编码,SKU码   示例问题: 这个库存的物料编码是多少？,查一下该物料的SKU码。   业务领域: 库存管理 ",0c29ade9-cce9-4a37-8d4c-f34382117d5e,NULL,NULL
230,5340,库存所在的仓库唯一标识,"仓库ID,库房ID,库存","仓储编号,仓库代码","这批货在哪个仓库？,库存对应的仓库ID是多少？",库存管理,0.9500,AI,2026-08-12 09:26:47.8225852,"表: wms_inventory   字段: warehouse_id   字段说明: 仓库id   业务含义: 库存所在的仓库唯一标识   关键词: 仓库ID,库房ID,库存   同义词: 仓储编号,仓库代码   示例问题: 这批货在哪个仓库？,库存对应的仓库ID是多少？   业务领域: 库存管理 ",4b92c1eb-a9b2-4706-b59f-c329ababfba9,NULL,NULL
231,5341,库存所在的仓库编码,"仓库编码,库房代码,库存","仓储代码,仓库编号","这个库存所在仓库的编码是什么？,查一下仓库代码。",库存管理,0.9500,AI,2026-08-12 09:26:47.8227183,"表: wms_inventory   字段: warehouse_code   字段说明: 仓库编码   业务含义: 库存所在的仓库编码   关键词: 仓库编码,库房代码,库存   同义词: 仓储代码,仓库编号   示例问题: 这个库存所在仓库的编码是什么？,查一下仓库代码。   业务领域: 库存管理 ",d3c24139-58b0-4fec-a1d5-86e279b9a729,NULL,NULL
232,5342,库存所在的仓库名称,"仓库名称,库房名称,库存","仓储名称,仓库名","这批货存放在哪个仓库？,库存所在的仓库叫什么名字？",库存管理,0.9500,AI,2026-08-12 09:26:47.8228628,"表: wms_inventory   字段: warehouse_name   字段说明: 仓库名称   业务含义: 库存所在的仓库名称   关键词: 仓库名称,库房名称,库存   同义词: 仓储名称,仓库名   示例问题: 这批货存放在哪个仓库？,库存所在的仓库叫什么名字？   业务领域: 库存管理 ",ffd799d5-cc54-4d62-93a1-03ababd48dfb,NULL,NULL
233,5343,库存所在的具体货架唯一标识,"货架ID,库位ID,库存","储位编号,货架代码","这个物料放在哪个货架上？,库存对应的货架ID是多少？",库存管理,0.9500,AI,2026-08-12 09:26:47.8230300,"表: wms_inventory   字段: shelf_id   字段说明: 货架id   业务含义: 库存所在的具体货架唯一标识   关键词: 货架ID,库位ID,库存   同义词: 储位编号,货架代码   示例问题: 这个物料放在哪个货架上？,库存对应的货架ID是多少？   业务领域: 库存管理 ",63986b5b-fe70-456f-b0de-5d62053b2ab8,NULL,NULL
234,5344,库存所在的具体货架编码,"货架编码,库位编码,库存","储位代码,货架编号","这个库存的货架编码是多少？,查一下库位代码。",库存管理,0.9500,AI,2026-08-12 09:26:47.8231701,"表: wms_inventory   字段: shelf_code   字段说明: 货架编码   业务含义: 库存所在的具体货架编码   关键词: 货架编码,库位编码,库存   同义词: 储位代码,货架编号   示例问题: 这个库存的货架编码是多少？,查一下库位代码。   业务领域: 库存管理 ",2e2763e8-bb25-44c8-9187-dff07aa56ace,NULL,NULL
235,5345,库存所在的具体货架名称,"货架名称,库位名称,库存","储位名称,货架名","这批货放在哪个货架？,库存所在货架叫什么名字？",库存管理,0.9500,AI,2026-08-12 09:26:47.8233114,"表: wms_inventory   字段: shelf_name   字段说明: 货架名称   业务含义: 库存所在的具体货架名称   关键词: 货架名称,库位名称,库存   同义词: 储位名称,货架名   示例问题: 这批货放在哪个货架？,库存所在货架叫什么名字？   业务领域: 库存管理 ",776c34d2-cfa5-48d0-99ee-90fc96736997,NULL,NULL
236,5346,库存的总数量（包含可用、锁定、在途、冻结等所有状态的数量）,"总数量,库存总数,库存","总库存,总库存量,账面库存","这个物料的总库存是多少？,目前仓库里该商品一共有多少？",库存管理,0.9500,AI,2026-08-12 09:26:47.8234614,"表: wms_inventory   字段: total_quantity   字段说明: 总数   业务含义: 库存的总数量（包含可用、锁定、在途、冻结等所有状态的数量）   关键词: 总数量,库存总数,库存   同义词: 总库存,总库存量,账面库存   示例问题: 这个物料的总库存是多少？,目前仓库里该商品一共有多少？   业务领域: 库存管理 ",c0b8f676-5820-4d21-b442-75cd8be4bf34,NULL,NULL
237,5347,库存中当前可用于出库或调拨的实际可用数量,"可用数量,可用库存,库存","实际库存,可发库存,自由库存","这个物料现在有多少可用库存？,目前能发货的数量是多少？",库存管理,0.9500,AI,2026-08-12 09:26:47.8236138,"表: wms_inventory   字段: available_quantity   字段说明: 可用数量   业务含义: 库存中当前可用于出库或调拨的实际可用数量   关键词: 可用数量,可用库存,库存   同义词: 实际库存,可发库存,自由库存   示例问题: 这个物料现在有多少可用库存？,目前能发货的数量是多少？   业务领域: 库存管理 ",617829de-f8ef-48ce-a7ba-8255b546c2db,NULL,NULL
238,5348,已经采购或调拨但尚未实际入库的在途库存数量,"在途库存,在途数量,库存","采购在途,未入库数量,在途量","这个物料还有多少在途库存？,尚未入库的数量是多少？",库存管理,0.9500,AI,2026-08-12 09:26:47.8237574,"表: wms_inventory   字段: stock_quantity   字段说明: 在途库存   业务含义: 已经采购或调拨但尚未实际入库的在途库存数量   关键词: 在途库存,在途数量,库存   同义词: 采购在途,未入库数量,在途量   示例问题: 这个物料还有多少在途库存？,尚未入库的数量是多少？   业务领域: 库存管理 ",2f63a5e8-6bdb-4ad7-9b87-d7588cf6b5c1,NULL,NULL
239,5349,因质量问题或其他原因被冻结，暂时无法使用的库存数量,"冻结库存,冻结数量,库存","封存库存,不可用库存","这个物料被冻结了多少库存？,目前冻结的数量是多少？",库存管理,0.9500,AI,2026-08-12 09:26:47.8239104,"表: wms_inventory   字段: freeze_quantity   字段说明: 冻结库存   业务含义: 因质量问题或其他原因被冻结，暂时无法使用的库存数量   关键词: 冻结库存,冻结数量,库存   同义词: 封存库存,不可用库存   示例问题: 这个物料被冻结了多少库存？,目前冻结的数量是多少？   业务领域: 库存管理 ",454c10e3-3a43-4be9-9b86-b57d33ef8cfe,NULL,NULL
240,5350,已被销售订单或出库单占用（锁定），等待出库的库存数量,"锁定库存,锁定数量,库存","占用库存,预扣库存,分配库存","这个物料被锁定了多少库存？,已被订单占用的数量是多少？",库存管理,0.9500,AI,2026-08-12 09:26:47.8240544,"表: wms_inventory   字段: lock_quantity   字段说明: 锁定库存   业务含义: 已被销售订单或出库单占用（锁定），等待出库的库存数量   关键词: 锁定库存,锁定数量,库存   同义词: 占用库存,预扣库存,分配库存   示例问题: 这个物料被锁定了多少库存？,已被订单占用的数量是多少？   业务领域: 库存管理 ",5ecf3efb-b5b1-42a4-afdf-a46f84378450,NULL,NULL
241,5351,正在接受质量检验，尚未判定合格与否的库存数量,"质检库存,质检数量,库存","待检库存,检验中数量","这个物料还有多少在质检中？,待检验的库存数量是多少？",库存管理,0.9500,AI,2026-08-12 09:26:47.8242020,"表: wms_inventory   字段: detection_quantity   字段说明: 质检库存   业务含义: 正在接受质量检验，尚未判定合格与否的库存数量   关键词: 质检库存,质检数量,库存   同义词: 待检库存,检验中数量   示例问题: 这个物料还有多少在质检中？,待检验的库存数量是多少？   业务领域: 库存管理 ",adf5e9d9-de5b-4924-b05e-6450e5e74cf2,NULL,NULL
242,5352,库存物料的计量单位标识（如个、箱、千克等）,"单位,计量单位,库存","单位ID,度量单位","这个库存的计量单位是什么？,物料的单位ID是多少？",库存管理,0.9500,AI,2026-08-12 09:26:47.8243480,"表: wms_inventory   字段: unit   字段说明: 单位id   业务含义: 库存物料的计量单位标识（如个、箱、千克等）   关键词: 单位,计量单位,库存   同义词: 单位ID,度量单位   示例问题: 这个库存的计量单位是什么？,物料的单位ID是多少？   业务领域: 库存管理 ",6b037dbb-43b9-4524-b816-9e1fe58132d3,NULL,NULL
243,5353,库存物料所在的包装箱号或容器编号,"箱号,包装箱号,库存","容器号,纸箱编号,周转箱号","这批货的箱号是多少？,物料装在哪个箱子里？",库存管理,0.9500,AI,2026-08-12 09:26:47.8245017,"表: wms_inventory   字段: case_no   字段说明: 箱号   业务含义: 库存物料所在的包装箱号或容器编号   关键词: 箱号,包装箱号,库存   同义词: 容器号,纸箱编号,周转箱号   示例问题: 这批货的箱号是多少？,物料装在哪个箱子里？   业务领域: 库存管理 ",f108caf3-0ff4-4969-8ae0-9e39e58f7358,NULL,NULL
244,5354,库存物料的生产批次或入库批次号,"批次,批次号,库存","生产批号,入库批次","这个库存属于哪个批次？,物料的生产批号是多少？",库存管理,0.9500,AI,2026-08-12 09:26:47.8246463,"表: wms_inventory   字段: batch   字段说明: 批次   业务含义: 库存物料的生产批次或入库批次号   关键词: 批次,批次号,库存   同义词: 生产批号,入库批次   示例问题: 这个库存属于哪个批次？,物料的生产批号是多少？   业务领域: 库存管理 ",2991c0c9-6277-4c3d-875e-e6d7c73e1f24,NULL,NULL
245,5355,库存物料进行打包或装箱操作的时间,"打包时间,装箱时间,库存","包装时间,封装时间","这批货是什么时候打包的？,物料的装箱时间是哪天？",库存管理,0.9500,AI,2026-08-12 09:26:47.8247962,"表: wms_inventory   字段: pack_time   字段说明: 打包时间   业务含义: 库存物料进行打包或装箱操作的时间   关键词: 打包时间,装箱时间,库存   同义词: 包装时间,封装时间   示例问题: 这批货是什么时候打包的？,物料的装箱时间是哪天？   业务领域: 库存管理 ",7cc53272-0287-4821-ab6d-69bd44151993,NULL,NULL
246,5356,创建该库存记录的操作人ID,"创建人,创建者,库存","录入人ID,新增人ID","这条库存记录是谁创建的？,录入该库存的人员ID是多少？",库存管理,0.9500,AI,2026-08-12 09:26:47.8251195,"表: wms_inventory   字段: create_by   字段说明: 创建人id   业务含义: 创建该库存记录的操作人ID   关键词: 创建人,创建者,库存   同义词: 录入人ID,新增人ID   示例问题: 这条库存记录是谁创建的？,录入该库存的人员ID是多少？   业务领域: 库存管理 ",9a13c4fb-45a4-4c16-a9d5-e45b328641b8,NULL,NULL
247,5357,创建该库存记录的操作人姓名,"创建人名称,创建者姓名,库存","录入人姓名,新增人名称","这条库存记录是谁录入的？,创建该库存的人叫什么名字？",库存管理,0.9500,AI,2026-08-12 09:26:47.8253512,"表: wms_inventory   字段: create_name   字段说明: 创建人名称   业务含义: 创建该库存记录的操作人姓名   关键词: 创建人名称,创建者姓名,库存   同义词: 录入人姓名,新增人名称   示例问题: 这条库存记录是谁录入的？,创建该库存的人叫什么名字？   业务领域: 库存管理 ",0fa2e55c-d54d-4396-8e9d-5c6417b14104,NULL,NULL
248,5358,该库存记录的创建或首次入库时间,"创建时间,入库时间,库存","建立时间,新增时间","这条库存是什么时候建立的？,物料首次入库时间是什么时候？",库存管理,0.9500,AI,2026-08-12 09:26:47.8254926,"表: wms_inventory   字段: create_time   字段说明: 创建时间   业务含义: 该库存记录的创建或首次入库时间   关键词: 创建时间,入库时间,库存   同义词: 建立时间,新增时间   示例问题: 这条库存是什么时候建立的？,物料首次入库时间是什么时候？   业务领域: 库存管理 ",13aee05e-b16c-45eb-976c-ca63bbd907e3,NULL,NULL
249,5359,最后修改该库存记录的操作人ID,"更新人,修改人,库存","最后更新人ID,修改者ID","谁最后修改了这条库存记录？,库存更新人的ID是多少？",库存管理,0.9500,AI,2026-08-12 09:26:47.8256339,"表: wms_inventory   字段: update_by   字段说明: 更新人id   业务含义: 最后修改该库存记录的操作人ID   关键词: 更新人,修改人,库存   同义词: 最后更新人ID,修改者ID   示例问题: 谁最后修改了这条库存记录？,库存更新人的ID是多少？   业务领域: 库存管理 ",c606176e-5587-4d04-a0d8-18261b0c929a,NULL,NULL
250,5360,最后修改该库存记录的操作人姓名,"更新人名称,修改人姓名,库存","最后更新者,修改人名字","这条库存最后是谁修改的？,库存更新人叫什么名字？",库存管理,0.9500,AI,2026-08-12 09:26:47.8257725,"表: wms_inventory   字段: update_name   字段说明: 更新人名称   业务含义: 最后修改该库存记录的操作人姓名   关键词: 更新人名称,修改人姓名,库存   同义词: 最后更新者,修改人名字   示例问题: 这条库存最后是谁修改的？,库存更新人叫什么名字？   业务领域: 库存管理 ",36a90e06-f24c-4bfd-b317-c15c725924c3,NULL,NULL
251,5361,该库存记录最后一次被修改或更新的时间,"更新时间,修改时间,库存","最后修改时间,变更日期","这条库存记录最后更新是什么时候？,库存最近一次修改时间？",库存管理,0.9500,AI,2026-08-12 09:26:47.8259070,"表: wms_inventory   字段: update_time   字段说明: 更新人时间   业务含义: 该库存记录最后一次被修改或更新的时间   关键词: 更新时间,修改时间,库存   同义词: 最后修改时间,变更日期   示例问题: 这条库存记录最后更新是什么时候？,库存最近一次修改时间？   业务领域: 库存管理 ",bf47f277-6e71-4603-a111-d4fa93f5fd70,NULL,NULL
252,5362,库存记录的逻辑删除标识（0表示未删除，1表示已删除）,"删除标识,逻辑删除,库存","是否删除,作废标识","这条库存记录被删除了吗？,库存数据是否已作废？",库存管理,0.9800,AI,2026-08-12 09:26:47.8260443,"表: wms_inventory   字段: del_flag   字段说明: 是否删除标识：0否 1是   业务含义: 库存记录的逻辑删除标识（0表示未删除，1表示已删除）   关键词: 删除标识,逻辑删除,库存   同义词: 是否删除,作废标识   示例问题: 这条库存记录被删除了吗？,库存数据是否已作废？   业务领域: 库存管理 ",a3004879-d5db-429d-882a-06464d46fdc7,NULL,NULL
253,5363,针对该库存记录的补充说明或备注信息,"备注,说明,库存","注释,附加信息,备忘录","这条库存有什么备注信息？,库存记录的说明是什么？",库存管理,0.9500,AI,2026-08-12 09:26:47.8261762,"表: wms_inventory   字段: note   字段说明: 备注   业务含义: 针对该库存记录的补充说明或备注信息   关键词: 备注,说明,库存   同义词: 注释,附加信息,备忘录   示例问题: 这条库存有什么备注信息？,库存记录的说明是什么？   业务领域: 库存管理 ",11f3f74b-3eab-47e4-9f0d-6d101e3630b4,NULL,NULL
254,5364,库存变动流水记录的唯一主键标识,"主键,流水ID,库存变动","唯一标识,变动记录编号","这条库存变动记录的主键是什么？,流水ID是多少？",库存管理,0.9900,AI,2026-08-12 09:26:47.8263103,"表: wms_inventory_record   字段: id   字段说明: 主键   业务含义: 库存变动流水记录的唯一主键标识   关键词: 主键,流水ID,库存变动   同义词: 唯一标识,变动记录编号   示例问题: 这条库存变动记录的主键是什么？,流水ID是多少？   业务领域: 库存管理 ",2709a20f-ad58-4089-bc93-4f6e4229d8a9,NULL,NULL
255,5365,引起库存变动的业务类型（如入库、出库、调拨、盘点等）,"变动类型,业务类型,库存变动","交易类型,操作类型,单据类型","这次库存变动是什么类型的？,是入库还是出库？",库存管理,0.9500,AI,2026-08-12 09:26:47.8264449,"表: wms_inventory_record   字段: type   字段说明: 变动类型   业务含义: 引起库存变动的业务类型（如入库、出库、调拨、盘点等）   关键词: 变动类型,业务类型,库存变动   同义词: 交易类型,操作类型,单据类型   示例问题: 这次库存变动是什么类型的？,是入库还是出库？   业务领域: 库存管理 ",6f28ee13-03fe-438c-b773-e6dc27f310e7,NULL,NULL
256,5366,引起库存变动的关联业务单据编号（如入库单号、出库单号）,"单据编号,单号,库存变动","业务单号,关联单号,凭证号","这次库存变动关联的单据编号是多少？,查一下相关的入库单号。",库存管理,0.9500,AI,2026-08-12 09:26:47.8265721,"表: wms_inventory_record   字段: code   字段说明: 单据编号   业务含义: 引起库存变动的关联业务单据编号（如入库单号、出库单号）   关键词: 单据编号,单号,库存变动   同义词: 业务单号,关联单号,凭证号   示例问题: 这次库存变动关联的单据编号是多少？,查一下相关的入库单号。   业务领域: 库存管理 ",1a092fa6-bc15-4c47-b023-f0063c864e3f,NULL,NULL
257,5367,发生库存变动的物料唯一标识,"物料ID,商品ID,库存变动","物资编号,货品ID","这次变动的是哪个物料？,库存变动记录的物料ID是多少？",库存管理,0.9500,AI,2026-08-12 09:26:47.8266945,"表: wms_inventory_record   字段: material_id   字段说明: 物料id   业务含义: 发生库存变动的物料唯一标识   关键词: 物料ID,商品ID,库存变动   同义词: 物资编号,货品ID   示例问题: 这次变动的是哪个物料？,库存变动记录的物料ID是多少？   业务领域: 库存管理 ",b1c2110a-d4c1-4eb4-9c02-4669da41fadc,NULL,NULL
258,5368,发生库存变动的物料名称,"物料名称,商品名称,库存变动","货品名称,物资名称","这次变动的是什么物料？,库存变动对应的商品叫什么？",库存管理,0.9500,AI,2026-08-12 09:26:47.8268175,"表: wms_inventory_record   字段: material_name   字段说明: 物料名称   业务含义: 发生库存变动的物料名称   关键词: 物料名称,商品名称,库存变动   同义词: 货品名称,物资名称   示例问题: 这次变动的是什么物料？,库存变动对应的商品叫什么？   业务领域: 库存管理 ",8d9a4a0f-9c3a-448c-9b22-dff3f13e6c20,NULL,NULL
259,5369,发生库存变动的仓库唯一标识,"仓库ID,库房ID,库存变动","仓储编号,仓库代码","这次变动发生在哪个仓库？,库存变动记录的仓库ID是多少？",库存管理,0.9500,AI,2026-08-12 09:26:47.8269400,"表: wms_inventory_record   字段: warehouse_id   字段说明: 仓库id   业务含义: 发生库存变动的仓库唯一标识   关键词: 仓库ID,库房ID,库存变动   同义词: 仓储编号,仓库代码   示例问题: 这次变动发生在哪个仓库？,库存变动记录的仓库ID是多少？   业务领域: 库存管理 ",6964e7c8-fdb6-4b0f-a8dd-762ec99ece6b,NULL,NULL
260,5370,发生库存变动的具体货架唯一标识,"货架ID,库位ID,库存变动","储位编号,货架代码","这次变动发生在哪个货架？,库存变动记录的货架ID是多少？",库存管理,0.9500,AI,2026-08-12 09:26:47.8270630,"表: wms_inventory_record   字段: shelf_id   字段说明: 货架id   业务含义: 发生库存变动的具体货架唯一标识   关键词: 货架ID,库位ID,库存变动   同义词: 储位编号,货架代码   示例问题: 这次变动发生在哪个货架？,库存变动记录的货架ID是多少？   业务领域: 库存管理 ",332fc2e1-b402-4038-a860-8695c0521d7d,NULL,NULL
261,5371,本次业务操作导致库存增加或减少的具体变动数量,"变动数量,增减数量,库存变动","变化量,操作数量,出入库数量","这次库存变动了多少？,本次操作的数量是多少？",库存管理,0.9500,AI,2026-08-12 09:26:47.8272736,"表: wms_inventory_record   字段: variable_quantity   字段说明: 变动数量   业务含义: 本次业务操作导致库存增加或减少的具体变动数量   关键词: 变动数量,增减数量,库存变动   同义词: 变化量,操作数量,出入库数量   示例问题: 这次库存变动了多少？,本次操作的数量是多少？   业务领域: 库存管理 ",f82b09ea-38d9-41c6-8721-c2bfbb3fad80,NULL,NULL
262,5372,本次变动发生前，该物料在仓库中的总库存数量,"变动前总数量,期初总数,库存变动","变动前总库存,操作前总数","变动前该物料的总库存是多少？,操作前的总数量是多少？",库存管理,0.9500,AI,2026-08-12 09:26:47.8275572,"表: wms_inventory_record   字段: front_total_quantity   字段说明: 变动前总数量   业务含义: 本次变动发生前，该物料在仓库中的总库存数量   关键词: 变动前总数量,期初总数,库存变动   同义词: 变动前总库存,操作前总数   示例问题: 变动前该物料的总库存是多少？,操作前的总数量是多少？   业务领域: 库存管理 ",0c21c962-def3-447e-8673-e4811cb7854c,NULL,NULL
263,5373,本次变动发生前，该物料在仓库中的可用库存数量,"变动前可用数量,期初可用,库存变动","变动前可用库存,操作前可用数","变动前该物料的可用库存是多少？,操作前的可用数量是多少？",库存管理,0.9500,AI,2026-08-12 09:26:47.8277029,"表: wms_inventory_record   字段: front_available_quantity   字段说明: 变动前可用数量   业务含义: 本次变动发生前，该物料在仓库中的可用库存数量   关键词: 变动前可用数量,期初可用,库存变动   同义词: 变动前可用库存,操作前可用数   示例问题: 变动前该物料的可用库存是多少？,操作前的可用数量是多少？   业务领域: 库存管理 ",64385e47-ba47-4a7d-9150-db0caa96d875,NULL,NULL
264,5374,本次变动发生前，该物料在仓库中被锁定的库存数量,"变动前锁定数量,期初锁定,库存变动","变动前锁定库存,操作前占用数","变动前该物料被锁定了多少？,操作前的锁定数量是多少？",库存管理,0.9500,AI,2026-08-12 09:26:47.8278614,"表: wms_inventory_record   字段: front_lock_quantity   字段说明: 变动前锁定数量   业务含义: 本次变动发生前，该物料在仓库中被锁定的库存数量   关键词: 变动前锁定数量,期初锁定,库存变动   同义词: 变动前锁定库存,操作前占用数   示例问题: 变动前该物料被锁定了多少？,操作前的锁定数量是多少？   业务领域: 库存管理 ",749447c8-b584-4d29-bdf4-92e7b0d27b73,NULL,NULL
265,5375,本次变动发生前，该物料在仓库中的在途库存数量,"变动前在途数量,期初在途,库存变动","变动前在途库存,操作前在途数","变动前该物料的在途库存是多少？,操作前的在途数量是多少？",库存管理,0.9500,AI,2026-08-12 09:26:47.8280039,"表: wms_inventory_record   字段: front_stock_quantity   字段说明: 变动前在途数量   业务含义: 本次变动发生前，该物料在仓库中的在途库存数量   关键词: 变动前在途数量,期初在途,库存变动   同义词: 变动前在途库存,操作前在途数   示例问题: 变动前该物料的在途库存是多少？,操作前的在途数量是多少？   业务领域: 库存管理 ",f8006b84-6389-4267-8c69-5d2ed4026eee,NULL,NULL
266,5376,本次变动发生后，该物料在仓库中的最新总库存数量,"变动后总数量,期末总数,库存变动","变动后总库存,操作后总数","变动后该物料的总库存是多少？,操作后的总数量是多少？",库存管理,0.9500,AI,2026-08-12 09:26:47.8281404,"表: wms_inventory_record   字段: back_total_quantity   字段说明: 变动后总数量   业务含义: 本次变动发生后，该物料在仓库中的最新总库存数量   关键词: 变动后总数量,期末总数,库存变动   同义词: 变动后总库存,操作后总数   示例问题: 变动后该物料的总库存是多少？,操作后的总数量是多少？   业务领域: 库存管理 ",af6c9bb6-faaf-4278-b3a7-b8d4eaf14b05,NULL,NULL
267,5377,本次变动发生后，该物料在仓库中的最新可用库存数量,"变动后可用数量,期末可用,库存变动","变动后可用库存,操作后可用数","变动后该物料的可用库存是多少？,操作后的可用数量是多少？",库存管理,0.9500,AI,2026-08-12 09:26:47.8282735,"表: wms_inventory_record   字段: back_available_quantity   字段说明: 变动后可用数量   业务含义: 本次变动发生后，该物料在仓库中的最新可用库存数量   关键词: 变动后可用数量,期末可用,库存变动   同义词: 变动后可用库存,操作后可用数   示例问题: 变动后该物料的可用库存是多少？,操作后的可用数量是多少？   业务领域: 库存管理 ",12d5e33f-eb88-4cd4-9138-5ac23ff4f62e,NULL,NULL
268,5378,本次变动发生后，该物料在仓库中最新的被锁定库存数量,"变动后锁定数量,期末锁定,库存变动","变动后锁定库存,操作后占用数","变动后该物料被锁定了多少？,操作后的锁定数量是多少？",库存管理,0.9500,AI,2026-08-12 09:26:47.8284160,"表: wms_inventory_record   字段: back_lock_quantity   字段说明: 变动后锁定数量   业务含义: 本次变动发生后，该物料在仓库中最新的被锁定库存数量   关键词: 变动后锁定数量,期末锁定,库存变动   同义词: 变动后锁定库存,操作后占用数   示例问题: 变动后该物料被锁定了多少？,操作后的锁定数量是多少？   业务领域: 库存管理 ",e3d2940d-3975-4eb4-9969-f082f3bb8e9a,NULL,NULL
269,5379,本次变动发生后，该物料在仓库中最新的在途库存数量,"变动后在途数量,期末在途,库存变动","变动后在途库存,操作后在途数","变动后该物料的在途库存是多少？,操作后的在途数量是多少？",库存管理,0.9500,AI,2026-08-12 09:26:47.8285631,"表: wms_inventory_record   字段: back_stock_quantity   字段说明: 变动后在途数量   业务含义: 本次变动发生后，该物料在仓库中最新的在途库存数量   关键词: 变动后在途数量,期末在途,库存变动   同义词: 变动后在途库存,操作后在途数   示例问题: 变动后该物料的在途库存是多少？,操作后的在途数量是多少？   业务领域: 库存管理 ",b8fbe0bc-71ae-4669-be78-74922ac1ec64,NULL,NULL
270,5380,创建该库存变动流水记录的操作人ID（通常为系统自动或触发业务的人员）,"创建人,操作人,库存变动","录入人ID,触发人ID","这条库存变动记录是谁触发的？,操作人的ID是多少？",库存管理,0.9500,AI,2026-08-12 09:26:47.8287052,"表: wms_inventory_record   字段: create_by   字段说明: 创建人id   业务含义: 创建该库存变动流水记录的操作人ID（通常为系统自动或触发业务的人员）   关键词: 创建人,操作人,库存变动   同义词: 录入人ID,触发人ID   示例问题: 这条库存变动记录是谁触发的？,操作人的ID是多少？   业务领域: 库存管理 ",f8fb4c79-f0a7-4db7-a764-5ef8c0ab6703,NULL,NULL
271,5381,库存记录的创建人姓名,"创建人,姓名,操作人","创建者,录入人,制单人",谁创建了这条库存记录？;库存记录的制单人是谁？,仓储管理,0.9500,AI,2026-08-12 09:26:47.8288521,"表: wms_inventory_record   字段: create_name   字段说明: 创建人名称   业务含义: 库存记录的创建人姓名   关键词: 创建人,姓名,操作人   同义词: 创建者,录入人,制单人   示例问题: 谁创建了这条库存记录？;库存记录的制单人是谁？   业务领域: 仓储管理 ",dada6b08-1985-4432-ac07-8aedd0a85983,NULL,NULL
272,5382,库存记录的创建时间,"创建时间,录入时间","制单时间,新增时间",这条库存记录是什么时候创建的？;库存记录的录入时间是哪天？,仓储管理,0.9500,AI,2026-08-12 09:26:47.8290064,"表: wms_inventory_record   字段: create_time   字段说明: 创建时间   业务含义: 库存记录的创建时间   关键词: 创建时间,录入时间   同义词: 制单时间,新增时间   示例问题: 这条库存记录是什么时候创建的？;库存记录的录入时间是哪天？   业务领域: 仓储管理 ",fe9dc386-04d1-4628-bbc9-b2906c5b57d1,NULL,NULL
273,5383,库存记录的最后更新人ID,"更新人,修改人,ID","最后操作人,编辑人",谁最后修改了这条库存记录？;库存记录的更新人ID是多少？,仓储管理,0.9500,AI,2026-08-12 09:26:47.8291508,"表: wms_inventory_record   字段: update_by   字段说明: 更新人id   业务含义: 库存记录的最后更新人ID   关键词: 更新人,修改人,ID   同义词: 最后操作人,编辑人   示例问题: 谁最后修改了这条库存记录？;库存记录的更新人ID是多少？   业务领域: 仓储管理 ",9e58ac69-d590-42b5-80a2-a308479d6f6e,NULL,NULL
274,5384,库存记录的最后更新人姓名,"更新人,修改人,姓名","最后操作人,编辑人",谁最后修改了这条库存记录？;库存记录的更新人是谁？,仓储管理,0.9500,AI,2026-08-12 09:26:47.8292841,"表: wms_inventory_record   字段: update_name   字段说明: 更新人名称   业务含义: 库存记录的最后更新人姓名   关键词: 更新人,修改人,姓名   同义词: 最后操作人,编辑人   示例问题: 谁最后修改了这条库存记录？;库存记录的更新人是谁？   业务领域: 仓储管理 ",460287d3-1bc2-4c20-8232-09196bd9fa1c,NULL,NULL
275,5385,库存记录的最后更新时间,"更新时间,修改时间","最后操作时间,编辑时间",这条库存记录最后是什么时候修改的？;库存记录的更新时间是几点？,仓储管理,0.9500,AI,2026-08-12 09:26:47.8294224,"表: wms_inventory_record   字段: update_time   字段说明: 更新人时间   业务含义: 库存记录的最后更新时间   关键词: 更新时间,修改时间   同义词: 最后操作时间,编辑时间   示例问题: 这条库存记录最后是什么时候修改的？;库存记录的更新时间是几点？   业务领域: 仓储管理 ",56c4491e-91a0-4d0c-bb2b-ff13ca813e20,NULL,NULL
276,5386,库存记录的逻辑删除标识,"删除标识,逻辑删除,状态","是否作废,是否删除",这条库存记录被删除了吗？;库存记录的删除状态是什么？,仓储管理,0.9500,AI,2026-08-12 09:26:47.8296962,"表: wms_inventory_record   字段: del_flag   字段说明: 是否删除标识：0否 1是   业务含义: 库存记录的逻辑删除标识   关键词: 删除标识,逻辑删除,状态   同义词: 是否作废,是否删除   示例问题: 这条库存记录被删除了吗？;库存记录的删除状态是什么？   业务领域: 仓储管理 ",39cdc87f-abce-48ae-8df8-b189d2260b59,NULL,NULL
277,5387,库存记录的备注说明信息,"备注,说明,描述","附加信息,批注",这条库存记录有什么备注信息？;库存记录的说明是什么？,仓储管理,0.9500,AI,2026-08-12 09:26:47.8299137,"表: wms_inventory_record   字段: note   字段说明: 备注   业务含义: 库存记录的备注说明信息   关键词: 备注,说明,描述   同义词: 附加信息,批注   示例问题: 这条库存记录有什么备注信息？;库存记录的说明是什么？   业务领域: 仓储管理 ",d9ad8738-2cd2-4f80-af6e-3b66c073bf59,NULL,NULL
278,5388,物流明细表的主键ID,"主键,ID,明细ID","唯一标识,明细编号",这条物流明细的主键ID是多少？;物流明细的唯一标识是什么？,物流管理,0.9500,AI,2026-08-12 09:26:47.8300786,"表: wms_logistics_detail   字段: id   字段说明: 主键   业务含义: 物流明细表的主键ID   关键词: 主键,ID,明细ID   同义词: 唯一标识,明细编号   示例问题: 这条物流明细的主键ID是多少？;物流明细的唯一标识是什么？   业务领域: 物流管理 ",cf24a831-b6b3-4c2c-bbed-21df724ae0d8,NULL,NULL
279,5389,物流明细关联的物流单ID,"物流单,ID,关联单号","运单ID,物流订单ID",这条物流明细属于哪个物流单？;物流明细关联的运单ID是多少？,物流管理,0.9500,AI,2026-08-12 09:26:47.8302157,"表: wms_logistics_detail   字段: logistics_id   字段说明: 物流单id   业务含义: 物流明细关联的物流单ID   关键词: 物流单,ID,关联单号   同义词: 运单ID,物流订单ID   示例问题: 这条物流明细属于哪个物流单？;物流明细关联的运单ID是多少？   业务领域: 物流管理 ",f1c290ab-e865-4615-9f12-3b34b39edd36,NULL,NULL
280,5390,物流明细关联的物料ID,"物料,ID,商品","货物ID,产品ID",这条物流明细运送的是什么物料？;物流明细对应的物料ID是多少？,物流管理,0.9500,AI,2026-08-12 09:26:47.8303528,"表: wms_logistics_detail   字段: material_id   字段说明: 物料id   业务含义: 物流明细关联的物料ID   关键词: 物料,ID,商品   同义词: 货物ID,产品ID   示例问题: 这条物流明细运送的是什么物料？;物流明细对应的物料ID是多少？   业务领域: 物流管理 ",0d462559-dcef-4226-9c51-8468a5ec4705,NULL,NULL
281,5391,物流明细中的实际发货数量,"发货数量,发出数量","出库数量,发运数量",这批物流发了多少货？;物流明细的发货数量是多少？,物流管理,0.9500,AI,2026-08-12 09:26:47.8304989,"表: wms_logistics_detail   字段: shipped_quantity   字段说明: 发货数量   业务含义: 物流明细中的实际发货数量   关键词: 发货数量,发出数量   同义词: 出库数量,发运数量   示例问题: 这批物流发了多少货？;物流明细的发货数量是多少？   业务领域: 物流管理 ",91ad9c7c-851e-43d3-a318-2fcb0d78d05d,NULL,NULL
282,5392,物流明细中的实际到货数量,"到货数量,收货数量","入库数量,送达数量",这批物流实际到了多少货？;物流明细的到货数量是多少？,物流管理,0.9500,AI,2026-08-12 09:26:47.8306411,"表: wms_logistics_detail   字段: aog_quantity   字段说明: 到货数量   业务含义: 物流明细中的实际到货数量   关键词: 到货数量,收货数量   同义词: 入库数量,送达数量   示例问题: 这批物流实际到了多少货？;物流明细的到货数量是多少？   业务领域: 物流管理 ",5b7e6c7a-b940-4cec-950f-d55ccd668369,NULL,NULL
283,5393,物流货物的总重量,"重量,毛重,净重","货物重量,总重",这批物流货物的重量是多少？;物流明细记录的重量是多少？,物流管理,0.9500,AI,2026-08-12 09:26:47.8307806,"表: wms_logistics_detail   字段: weight   字段说明: 重量   业务含义: 物流货物的总重量   关键词: 重量,毛重,净重   同义词: 货物重量,总重   示例问题: 这批物流货物的重量是多少？;物流明细记录的重量是多少？   业务领域: 物流管理 ",71fa5c53-bad8-4942-84ff-972feedd6614,NULL,NULL
284,5394,物流货物的总体积,"体积,容积,方数","货物体积,立方数",这批物流货物的体积是多少？;物流明细记录的体积有多大？,物流管理,0.9500,AI,2026-08-12 09:26:47.8309312,"表: wms_logistics_detail   字段: volume   字段说明: 体积   业务含义: 物流货物的总体积   关键词: 体积,容积,方数   同义词: 货物体积,立方数   示例问题: 这批物流货物的体积是多少？;物流明细记录的体积有多大？   业务领域: 物流管理 ",60b10bfe-916d-48ef-b063-ca0619951a0f,NULL,NULL
285,5395,物流货物重量的计量单位,"重量单位,计量单位",称重单位,这批物流货物的重量单位是什么？;物流明细的重量是用什么单位计量的？,物流管理,0.9500,AI,2026-08-12 09:26:47.8310968,"表: wms_logistics_detail   字段: weight_unit   字段说明: 重量单位   业务含义: 物流货物重量的计量单位   关键词: 重量单位,计量单位   同义词: 称重单位   示例问题: 这批物流货物的重量单位是什么？;物流明细的重量是用什么单位计量的？   业务领域: 物流管理 ",6a6a8741-958c-44b5-b3d3-ccc17f53f40b,NULL,NULL
286,5396,物流货物体积的计量单位,"体积单位,计量单位",容积单位,这批物流货物的体积单位是什么？;物流明细的体积是用什么单位计量的？,物流管理,0.9500,AI,2026-08-12 09:26:47.8312465,"表: wms_logistics_detail   字段: volume_unit   字段说明: 体积单位   业务含义: 物流货物体积的计量单位   关键词: 体积单位,计量单位   同义词: 容积单位   示例问题: 这批物流货物的体积单位是什么？;物流明细的体积是用什么单位计量的？   业务领域: 物流管理 ",18d963e3-5174-4fea-968e-64a177b80873,NULL,NULL
287,5397,物流明细关联的其他业务单据号,"关联单据,单号,业务单号","关联单号,来源单号",这条物流明细关联了哪个业务单据？;物流明细的关联单号是多少？,物流管理,0.9500,AI,2026-08-12 09:26:47.8313924,"表: wms_logistics_detail   字段: associated_no   字段说明: 关联单据   业务含义: 物流明细关联的其他业务单据号   关键词: 关联单据,单号,业务单号   同义词: 关联单号,来源单号   示例问题: 这条物流明细关联了哪个业务单据？;物流明细的关联单号是多少？   业务领域: 物流管理 ",e09d23b9-d209-4ef1-9777-6d9b4cd21e0a,NULL,NULL
288,5398,物流货物的生产或入库批次号,"批次,批次号,批号","生产批次,物料批次",这批物流货物的批次号是什么？;物流明细记录的批次是多少？,物流管理,0.9500,AI,2026-08-12 09:26:47.8315404,"表: wms_logistics_detail   字段: batch   字段说明: 批次   业务含义: 物流货物的生产或入库批次号   关键词: 批次,批次号,批号   同义词: 生产批次,物料批次   示例问题: 这批物流货物的批次号是什么？;物流明细记录的批次是多少？   业务领域: 物流管理 ",e3a886b1-6cbc-4967-819d-7434279887d6,NULL,NULL
289,5399,物流货物的包装箱编号,"箱号,包装箱号,纸箱号","外箱号,箱体编号",这批物流货物的箱号是多少？;物流明细对应的包装箱号是什么？,物流管理,0.9500,AI,2026-08-12 09:26:47.8317210,"表: wms_logistics_detail   字段: case_no   字段说明: 箱号   业务含义: 物流货物的包装箱编号   关键词: 箱号,包装箱号,纸箱号   同义词: 外箱号,箱体编号   示例问题: 这批物流货物的箱号是多少？;物流明细对应的包装箱号是什么？   业务领域: 物流管理 ",fff42533-e810-4c6f-ace8-fc51f3da0a5f,NULL,NULL
290,5400,标识物流货物是否进行了拆包装操作,"拆包装,拆箱,包装状态","是否拆包,是否开箱",这批物流货物拆包装了吗？;物流明细是否进行了拆箱操作？,物流管理,0.9500,AI,2026-08-12 09:26:47.8320600,"表: wms_logistics_detail   字段: unpack_flag   字段说明: 是否拆包装（0：否  1：是）   业务含义: 标识物流货物是否进行了拆包装操作   关键词: 拆包装,拆箱,包装状态   同义词: 是否拆包,是否开箱   示例问题: 这批物流货物拆包装了吗？;物流明细是否进行了拆箱操作？   业务领域: 物流管理 ",ae2aca65-0f77-4834-b0a2-3fed6c5831d1,NULL,NULL
291,5401,物流货物的总包装数量,"包装数量,件数,箱数","总件数,包裹数",这批物流一共有多少件包装？;物流明细的包装数量是多少？,物流管理,0.9500,AI,2026-08-12 09:26:47.8322386,"表: wms_logistics_detail   字段: pack_quantity   字段说明: 包装数量   业务含义: 物流货物的总包装数量   关键词: 包装数量,件数,箱数   同义词: 总件数,包裹数   示例问题: 这批物流一共有多少件包装？;物流明细的包装数量是多少？   业务领域: 物流管理 ",647b057b-a28d-4667-b8b4-5da718225309,NULL,NULL
292,5402,物流货物单个包装内的单位数量,"单位包装数量,单箱数量","每箱数量,包装规格",这批物流每个包装里有多少个单位产品？;物流明细的单位包装数量是多少？,物流管理,0.9500,AI,2026-08-12 09:26:47.8324122,"表: wms_logistics_detail   字段: unit_pack_quantity   字段说明: 单位包装数量   业务含义: 物流货物单个包装内的单位数量   关键词: 单位包装数量,单箱数量   同义词: 每箱数量,包装规格   示例问题: 这批物流每个包装里有多少个单位产品？;物流明细的单位包装数量是多少？   业务领域: 物流管理 ",e74f6b95-521a-4b7d-836f-03ab34701119,NULL,NULL
293,5403,物流货物计量单位的ID,"单位ID,计量单位",计量单位编号,这批物流货物的计量单位ID是多少？;物流明细使用的单位ID是什么？,物流管理,0.9500,AI,2026-08-12 09:26:47.8325721,"表: wms_logistics_detail   字段: unit_id   字段说明: 单位id   业务含义: 物流货物计量单位的ID   关键词: 单位ID,计量单位   同义词: 计量单位编号   示例问题: 这批物流货物的计量单位ID是多少？;物流明细使用的单位ID是什么？   业务领域: 物流管理 ",a3d048fe-bd3a-453a-8ec2-1dad385f74ec,NULL,NULL
294,5404,物流明细记录的创建人ID,"创建人,ID,操作人","录入人ID,制单人ID",谁创建了这条物流明细？;物流明细的创建人ID是多少？,物流管理,0.9500,AI,2026-08-12 09:26:47.8327369,"表: wms_logistics_detail   字段: create_by   字段说明: 创建人id   业务含义: 物流明细记录的创建人ID   关键词: 创建人,ID,操作人   同义词: 录入人ID,制单人ID   示例问题: 谁创建了这条物流明细？;物流明细的创建人ID是多少？   业务领域: 物流管理 ",bade78e2-3a9f-49b1-b371-a583bbc9f670,NULL,NULL
295,5405,物流明细记录的创建人姓名,"创建人,姓名,操作人","录入人,制单人",谁创建了这条物流明细？;物流明细的制单人是谁？,物流管理,0.9500,AI,2026-08-12 09:26:47.8328957,"表: wms_logistics_detail   字段: create_name   字段说明: 创建人名称   业务含义: 物流明细记录的创建人姓名   关键词: 创建人,姓名,操作人   同义词: 录入人,制单人   示例问题: 谁创建了这条物流明细？;物流明细的制单人是谁？   业务领域: 物流管理 ",79a2bcfa-5656-4b78-a55f-989b7cd4cf61,NULL,NULL
296,5406,物流明细记录的创建时间,"创建时间,录入时间","制单时间,新增时间",这条物流明细是什么时候创建的？;物流明细的录入时间是哪天？,物流管理,0.9500,AI,2026-08-12 09:26:47.8330659,"表: wms_logistics_detail   字段: create_time   字段说明: 创建时间   业务含义: 物流明细记录的创建时间   关键词: 创建时间,录入时间   同义词: 制单时间,新增时间   示例问题: 这条物流明细是什么时候创建的？;物流明细的录入时间是哪天？   业务领域: 物流管理 ",6ba61441-bbc4-490c-a46c-759ce8e531d3,NULL,NULL
297,5407,物流明细记录的最后更新人ID,"更新人,修改人,ID","最后操作人,编辑人",谁最后修改了这条物流明细？;物流明细的更新人ID是多少？,物流管理,0.9500,AI,2026-08-12 09:26:47.8332117,"表: wms_logistics_detail   字段: update_by   字段说明: 更新人id   业务含义: 物流明细记录的最后更新人ID   关键词: 更新人,修改人,ID   同义词: 最后操作人,编辑人   示例问题: 谁最后修改了这条物流明细？;物流明细的更新人ID是多少？   业务领域: 物流管理 ",b884cdac-6010-4489-a0d8-a26edea1abce,NULL,NULL
298,5408,物流明细记录的最后更新人姓名,"更新人,修改人,姓名","最后操作人,编辑人",谁最后修改了这条物流明细？;物流明细的更新人是谁？,物流管理,0.9500,AI,2026-08-12 09:26:47.8333664,"表: wms_logistics_detail   字段: update_name   字段说明: 更新人名称   业务含义: 物流明细记录的最后更新人姓名   关键词: 更新人,修改人,姓名   同义词: 最后操作人,编辑人   示例问题: 谁最后修改了这条物流明细？;物流明细的更新人是谁？   业务领域: 物流管理 ",21119d09-89c8-4fcf-9b1a-5f05cffe88a8,NULL,NULL
299,5409,物流明细记录的最后更新时间,"更新时间,修改时间","最后操作时间,编辑时间",这条物流明细最后是什么时候修改的？;物流明细的更新时间是几点？,物流管理,0.9500,AI,2026-08-12 09:26:47.8335205,"表: wms_logistics_detail   字段: update_time   字段说明: 更新人时间   业务含义: 物流明细记录的最后更新时间   关键词: 更新时间,修改时间   同义词: 最后操作时间,编辑时间   示例问题: 这条物流明细最后是什么时候修改的？;物流明细的更新时间是几点？   业务领域: 物流管理 ",e7ca28b0-e4d8-418b-a376-ddd67bcb9195,NULL,NULL
300,5410,物流明细记录的逻辑删除标识,"删除标识,逻辑删除,状态","是否作废,是否删除",这条物流明细被删除了吗？;物流明细的删除状态是什么？,物流管理,0.9500,AI,2026-08-12 09:26:47.8336662,"表: wms_logistics_detail   字段: del_flag   字段说明: 是否删除标识：0否 1是   业务含义: 物流明细记录的逻辑删除标识   关键词: 删除标识,逻辑删除,状态   同义词: 是否作废,是否删除   示例问题: 这条物流明细被删除了吗？;物流明细的删除状态是什么？   业务领域: 物流管理 ",8d067b28-f024-40c3-b0a0-a253dd280e21,NULL,NULL
301,5411,物流信息表的主键ID,"主键,ID,信息ID","唯一标识,信息编号",这条物流信息的主键ID是多少？;物流信息的唯一标识是什么？,物流管理,0.9500,AI,2026-08-12 09:26:47.8339638,"表: wms_logistics_info   字段: id   字段说明: 主键   业务含义: 物流信息表的主键ID   关键词: 主键,ID,信息ID   同义词: 唯一标识,信息编号   示例问题: 这条物流信息的主键ID是多少？;物流信息的唯一标识是什么？   业务领域: 物流管理 ",4a96613f-7cb9-4da9-99d3-e79bc0f900a0,NULL,NULL
302,5412,物流信息关联的物流单ID,"物流单,ID,关联单号","运单ID,物流订单ID",这条物流信息属于哪个物流单？;物流信息关联的运单ID是多少？,物流管理,0.9500,AI,2026-08-12 09:26:47.8341412,"表: wms_logistics_info   字段: logistics_id   字段说明: 物流单id   业务含义: 物流信息关联的物流单ID   关键词: 物流单,ID,关联单号   同义词: 运单ID,物流订单ID   示例问题: 这条物流信息属于哪个物流单？;物流信息关联的运单ID是多少？   业务领域: 物流管理 ",2659cbba-e56d-4d7e-a550-0e1e9d8090cd,NULL,NULL
303,5413,物流信息的收发业务类型,"收发类型,业务类型,收发货","物流方向,收发标识",这条物流信息是收货还是发货？;物流信息的收发类型是什么？,物流管理,0.9500,AI,2026-08-12 09:26:47.8342886,"表: wms_logistics_info   字段: type   字段说明: 收发货类型（0：收 1：发）   业务含义: 物流信息的收发业务类型   关键词: 收发类型,业务类型,收发货   同义词: 物流方向,收发标识   示例问题: 这条物流信息是收货还是发货？;物流信息的收发类型是什么？   业务领域: 物流管理 ",1fd46609-2ffa-46de-b2c6-477bac57355c,NULL,NULL
304,5414,物流收发所属的机构或网点ID,"机构ID,网点ID,部门","组织ID,分支机构ID",这条物流信息属于哪个机构？;物流收发的机构ID是多少？,物流管理,0.9500,AI,2026-08-12 09:26:47.8344313,"表: wms_logistics_info   字段: office_id   字段说明: 机构id   业务含义: 物流收发所属的机构或网点ID   关键词: 机构ID,网点ID,部门   同义词: 组织ID,分支机构ID   示例问题: 这条物流信息属于哪个机构？;物流收发的机构ID是多少？   业务领域: 物流管理 ",d3d518b2-024b-4f41-aff9-51345776dc7b,NULL,NULL
305,5415,物流收发所属的机构或网点名称,"机构名称,网点名称,部门","组织名称,分支机构名称",这条物流信息属于哪个机构？;物流收发的机构名称是什么？,物流管理,0.9500,AI,2026-08-12 09:26:47.8345787,"表: wms_logistics_info   字段: office_name   字段说明: 机构名称   业务含义: 物流收发所属的机构或网点名称   关键词: 机构名称,网点名称,部门   同义词: 组织名称,分支机构名称   示例问题: 这条物流信息属于哪个机构？;物流收发的机构名称是什么？   业务领域: 物流管理 ",35ef86a3-51aa-432d-b759-f4719e96119e,NULL,NULL
306,5416,物流收发的详细物理地址,"地址,详细地址,位置","收货地址,发货地址",这条物流的收发地址在哪里？;物流信息记录的详细地址是什么？,物流管理,0.9500,AI,2026-08-12 09:26:47.8347361,"表: wms_logistics_info   字段: site   字段说明: 地址   业务含义: 物流收发的详细物理地址   关键词: 地址,详细地址,位置   同义词: 收货地址,发货地址   示例问题: 这条物流的收发地址在哪里？;物流信息记录的详细地址是什么？   业务领域: 物流管理 ",97ee162d-f623-483f-ba41-2757dca2a291,NULL,NULL
307,5417,物流收发的联系人姓名,"联系人,姓名,对接人","收件人,发件人",这条物流的联系人是谁？;物流信息记录的联系人姓名是什么？,物流管理,0.9500,AI,2026-08-12 09:26:47.8348861,"表: wms_logistics_info   字段: linkman   字段说明: 联系人   业务含义: 物流收发的联系人姓名   关键词: 联系人,姓名,对接人   同义词: 收件人,发件人   示例问题: 这条物流的联系人是谁？;物流信息记录的联系人姓名是什么？   业务领域: 物流管理 ",f926acb0-1956-48c9-86db-3be0ea99449e,NULL,NULL
308,5418,物流收发联系人的电话或其他联系方式,"联系方式,电话,手机","联系电话,联系人电话",这条物流联系人的电话是多少？;物流信息记录的联系方式是什么？,物流管理,0.9500,AI,2026-08-12 09:26:47.8350228,"表: wms_logistics_info   字段: contact_way   字段说明: 联系方式   业务含义: 物流收发联系人的电话或其他联系方式   关键词: 联系方式,电话,手机   同义词: 联系电话,联系人电话   示例问题: 这条物流联系人的电话是多少？;物流信息记录的联系方式是什么？   业务领域: 物流管理 ",8ee78640-9ed8-45a6-9c54-a0fb370d86c9,NULL,NULL
309,5419,物流信息记录的创建人ID,"创建人,ID,操作人","录入人ID,制单人ID",谁创建了这条物流信息？;物流信息的创建人ID是多少？,物流管理,0.9500,AI,2026-08-12 09:26:47.8351559,"表: wms_logistics_info   字段: create_by   字段说明: 创建人id   业务含义: 物流信息记录的创建人ID   关键词: 创建人,ID,操作人   同义词: 录入人ID,制单人ID   示例问题: 谁创建了这条物流信息？;物流信息的创建人ID是多少？   业务领域: 物流管理 ",cdf26ee3-f47c-4d19-9f4c-1470661cc947,NULL,NULL
310,5420,物流信息记录的创建人姓名,"创建人,姓名,操作人","录入人,制单人",谁创建了这条物流信息？;物流信息的制单人是谁？,物流管理,0.9500,AI,2026-08-12 09:26:47.8352951,"表: wms_logistics_info   字段: create_name   字段说明: 创建人名称   业务含义: 物流信息记录的创建人姓名   关键词: 创建人,姓名,操作人   同义词: 录入人,制单人   示例问题: 谁创建了这条物流信息？;物流信息的制单人是谁？   业务领域: 物流管理 ",0901891f-8033-4613-a3c2-cfcc18313711,NULL,NULL
311,5421,物流信息记录的创建时间,"创建时间,录入时间","制单时间,新增时间",这条物流信息是什么时候创建的？;物流信息的录入时间是哪天？,物流管理,0.9500,AI,2026-08-12 09:26:47.8354272,"表: wms_logistics_info   字段: create_time   字段说明: 创建时间   业务含义: 物流信息记录的创建时间   关键词: 创建时间,录入时间   同义词: 制单时间,新增时间   示例问题: 这条物流信息是什么时候创建的？;物流信息的录入时间是哪天？   业务领域: 物流管理 ",c62e3ea9-c746-435a-9607-b7947d8665d2,NULL,NULL
312,5422,物流信息记录的最后更新人ID,"更新人,修改人,ID","最后操作人,编辑人",谁最后修改了这条物流信息？;物流信息的更新人ID是多少？,物流管理,0.9500,AI,2026-08-12 09:26:47.8355629,"表: wms_logistics_info   字段: update_by   字段说明: 更新人id   业务含义: 物流信息记录的最后更新人ID   关键词: 更新人,修改人,ID   同义词: 最后操作人,编辑人   示例问题: 谁最后修改了这条物流信息？;物流信息的更新人ID是多少？   业务领域: 物流管理 ",f01b7109-238c-4e30-8a8f-3f6fa27ce915,NULL,NULL
313,5423,物流信息记录的最后更新人姓名,"更新人,修改人,姓名","最后操作人,编辑人",谁最后修改了这条物流信息？;物流信息的更新人是谁？,物流管理,0.9500,AI,2026-08-12 09:26:47.8356953,"表: wms_logistics_info   字段: update_name   字段说明: 更新人名称   业务含义: 物流信息记录的最后更新人姓名   关键词: 更新人,修改人,姓名   同义词: 最后操作人,编辑人   示例问题: 谁最后修改了这条物流信息？;物流信息的更新人是谁？   业务领域: 物流管理 ",4da526ae-2902-419f-a831-707fd4a684b7,NULL,NULL
314,5424,物流信息记录的最后更新时间,"更新时间,修改时间","最后操作时间,编辑时间",这条物流信息最后是什么时候修改的？;物流信息的更新时间是几点？,物流管理,0.9500,AI,2026-08-12 09:26:47.8359769,"表: wms_logistics_info   字段: update_time   字段说明: 更新人时间   业务含义: 物流信息记录的最后更新时间   关键词: 更新时间,修改时间   同义词: 最后操作时间,编辑时间   示例问题: 这条物流信息最后是什么时候修改的？;物流信息的更新时间是几点？   业务领域: 物流管理 ",badcf614-13b2-43f5-8b4c-fd29979fa117,NULL,NULL
315,5425,物流信息记录的逻辑删除标识,"删除标识,逻辑删除,状态","是否作废,是否删除",这条物流信息被删除了吗？;物流信息的删除状态是什么？,物流管理,0.9500,AI,2026-08-12 09:26:47.8361389,"表: wms_logistics_info   字段: del_flag   字段说明: 是否删除标识：0否 1是   业务含义: 物流信息记录的逻辑删除标识   关键词: 删除标识,逻辑删除,状态   同义词: 是否作废,是否删除   示例问题: 这条物流信息被删除了吗？;物流信息的删除状态是什么？   业务领域: 物流管理 ",402615de-a42f-4a3a-9427-271514ee2438,NULL,NULL
316,5426,物流订单表的主键ID,"主键,ID,订单ID","唯一标识,订单编号",这条物流订单的主键ID是多少？;物流订单的唯一标识是什么？,物流管理,0.9500,AI,2026-08-12 09:26:47.8362861,"表: wms_logistics_order   字段: id   字段说明: 主键   业务含义: 物流订单表的主键ID   关键词: 主键,ID,订单ID   同义词: 唯一标识,订单编号   示例问题: 这条物流订单的主键ID是多少？;物流订单的唯一标识是什么？   业务领域: 物流管理 ",802076de-78d7-4aca-9862-92c8874a02ff,NULL,NULL
317,5427,物流订单的业务编码或单号,"编码,单号,订单号","物流单号,运单号",这条物流订单的单号是多少？;物流订单的编码是什么？,物流管理,0.9500,AI,2026-08-12 09:26:47.8364476,"表: wms_logistics_order   字段: code   字段说明: 编码   业务含义: 物流订单的业务编码或单号   关键词: 编码,单号,订单号   同义词: 物流单号,运单号   示例问题: 这条物流订单的单号是多少？;物流订单的编码是什么？   业务领域: 物流管理 ",ee8162bf-c640-4429-83ee-1de6e5d523c4,NULL,NULL
318,5428,物流订单的具体业务类型,"类型,业务类型,订单类型","物流类别,运单类型",这条物流订单是什么类型的？;物流订单的业务类型是什么？,物流管理,0.9500,AI,2026-08-12 09:26:47.8365950,"表: wms_logistics_order   字段: type   字段说明: 类型   业务含义: 物流订单的具体业务类型   关键词: 类型,业务类型,订单类型   同义词: 物流类别,运单类型   示例问题: 这条物流订单是什么类型的？;物流订单的业务类型是什么？   业务领域: 物流管理 ",645bd2de-400d-4204-bb24-6c9d0cb94d0e,NULL,NULL
319,5429,物流订单的当前流转状态,"状态,订单状态,流转状态","物流状态,运单状态",这条物流订单现在是什么状态？;物流订单是已创建、运输中还是已签收？,物流管理,0.9500,AI,2026-08-12 09:26:47.8367432,"表: wms_logistics_order   字段: status   字段说明: 状态（0：已创建 1：运输中 2：已签收）   业务含义: 物流订单的当前流转状态   关键词: 状态,订单状态,流转状态   同义词: 物流状态,运单状态   示例问题: 这条物流订单现在是什么状态？;物流订单是已创建、运输中还是已签收？   业务领域: 物流管理 ",98aca84d-c4a6-4f38-b59a-b7d7cd6a1696,NULL,NULL
320,5430,承担该物流运输业务的物流公司或承运方,"物流方,承运方,物流公司","快递公司,运输公司",这条物流订单是由哪家物流公司承运的？;物流订单的物流方是谁？,物流管理,0.9500,AI,2026-08-12 09:26:47.8368842,"表: wms_logistics_order   字段: logistics_company   字段说明: 物流方   业务含义: 承担该物流运输业务的物流公司或承运方   关键词: 物流方,承运方,物流公司   同义词: 快递公司,运输公司   示例问题: 这条物流订单是由哪家物流公司承运的？;物流订单的物流方是谁？   业务领域: 物流管理 ",39f72af2-a6d3-4deb-915f-6956d5524a46,NULL,NULL
321,5431,物流订单关联的其他业务单据编号，如销售单号、采购单号等,"关联单据,关联单号,物流关联单","关联单号,源单号,业务单号",物流单关联的采购单号是什么？查看关联单据为PO123的物流订单。,仓储物流,0.9500,AI,2026-08-12 09:26:47.8370208,"表: wms_logistics_order   字段: associated_no   字段说明: 关联单据   业务含义: 物流订单关联的其他业务单据编号，如销售单号、采购单号等   关键词: 关联单据,关联单号,物流关联单   同义词: 关联单号,源单号,业务单号   示例问题: 物流单关联的采购单号是什么？查看关联单据为PO123的物流订单。   业务领域: 仓储物流 ",74db5b57-be5c-45f4-bc70-e8f5f4ec5dc9,NULL,NULL
322,5432,物流订单预计送达目的地的时间,"预计送达时间,预计到达,预测时间","预计到达时间,预期送达时间,计划送达时间",哪些物流订单的预计送达时间是今天？统计各个月的预计送达订单量。,仓储物流,0.9500,AI,2026-08-12 09:26:47.8371584,"表: wms_logistics_order   字段: predict_time   字段说明: 预计送达时间   业务含义: 物流订单预计送达目的地的时间   关键词: 预计送达时间,预计到达,预测时间   同义词: 预计到达时间,预期送达时间,计划送达时间   示例问题: 哪些物流订单的预计送达时间是今天？统计各个月的预计送达订单量。   业务领域: 仓储物流 ",fe3525ab-50c7-4208-907a-80a78e44a623,NULL,NULL
323,5433,物流订单实际送达目的地的时间,"实际送达时间,实际到达,真实送达时间","实际到达时间,真实送达时间,完成时间",实际送达时间晚于预计送达时间的订单有多少？查看昨天的实际送达物流单。,仓储物流,0.9500,AI,2026-08-12 09:26:47.8372899,"表: wms_logistics_order   字段: practical_time   字段说明: 实际送达时间   业务含义: 物流订单实际送达目的地的时间   关键词: 实际送达时间,实际到达,真实送达时间   同义词: 实际到达时间,真实送达时间,完成时间   示例问题: 实际送达时间晚于预计送达时间的订单有多少？查看昨天的实际送达物流单。   业务领域: 仓储物流 ",95b9357f-8f43-4eb0-b8bc-5372e2c72e96,NULL,NULL
324,5434,物流订单的补充说明或备注信息,"备注,说明,物流备注","备注信息,附加说明,订单备注",包含“易碎品”备注的物流订单有哪些？查看物流订单的备注内容。,仓储物流,0.9000,AI,2026-08-12 09:26:47.8374245,"表: wms_logistics_order   字段: note   字段说明: 备注   业务含义: 物流订单的补充说明或备注信息   关键词: 备注,说明,物流备注   同义词: 备注信息,附加说明,订单备注   示例问题: 包含“易碎品”备注的物流订单有哪些？查看物流订单的备注内容。   业务领域: 仓储物流 ",fca000d8-990a-4f29-a0d5-af35a95707f1,NULL,NULL
325,5435,创建该物流订单的系统用户ID,"创建人ID,创建者ID,制单人ID","制单人ID,录入人ID,创建用户ID",创建人ID为1001的物流订单有多少？,系统管理,0.9000,AI,2026-08-12 09:26:47.8375587,"表: wms_logistics_order   字段: create_by   字段说明: 创建人id   业务含义: 创建该物流订单的系统用户ID   关键词: 创建人ID,创建者ID,制单人ID   同义词: 制单人ID,录入人ID,创建用户ID   示例问题: 创建人ID为1001的物流订单有多少？   业务领域: 系统管理 ",ac07df19-0cc7-40d2-bfa4-b923c6b0967b,NULL,NULL
326,5436,创建该物流订单的系统用户名称,"创建人名称,创建者姓名,制单人姓名","制单人,录入人,创建用户名称",张三创建了多少个物流订单？按创建人统计物流订单数量。,系统管理,0.9500,AI,2026-08-12 09:26:47.8376872,"表: wms_logistics_order   字段: create_name   字段说明: 创建人名称   业务含义: 创建该物流订单的系统用户名称   关键词: 创建人名称,创建者姓名,制单人姓名   同义词: 制单人,录入人,创建用户名称   示例问题: 张三创建了多少个物流订单？按创建人统计物流订单数量。   业务领域: 系统管理 ",97a1d561-6c19-4acb-a30b-f2311edea56a,NULL,NULL
327,5437,物流订单在系统中的创建时间,"创建时间,制单时间,录入时间","订单创建时间,新建时间,制单时间",上个月创建了多少物流订单？查看今天创建的物流单。,系统管理,0.9500,AI,2026-08-12 09:26:47.8379795,"表: wms_logistics_order   字段: create_time   字段说明: 创建时间   业务含义: 物流订单在系统中的创建时间   关键词: 创建时间,制单时间,录入时间   同义词: 订单创建时间,新建时间,制单时间   示例问题: 上个月创建了多少物流订单？查看今天创建的物流单。   业务领域: 系统管理 ",3263a43b-5204-4734-9872-46488609a160,NULL,NULL
328,5438,最后一次更新该物流订单的系统用户ID,"更新人ID,修改人ID,最后修改人ID","修改者ID,更新用户ID",更新人ID为1002修改了哪些物流订单？,系统管理,0.9000,AI,2026-08-12 09:26:47.8381585,"表: wms_logistics_order   字段: update_by   字段说明: 更新人id   业务含义: 最后一次更新该物流订单的系统用户ID   关键词: 更新人ID,修改人ID,最后修改人ID   同义词: 修改者ID,更新用户ID   示例问题: 更新人ID为1002修改了哪些物流订单？   业务领域: 系统管理 ",2ec3cbd7-015c-433a-b1dd-a37260f8f5e9,NULL,NULL
329,5439,最后一次更新该物流订单的系统用户名称,"更新人名称,修改人姓名,最后修改人","修改者姓名,更新用户名称",李四修改过哪些物流订单？查看最近的更新人名称。,系统管理,0.9500,AI,2026-08-12 09:26:47.8382827,"表: wms_logistics_order   字段: update_name   字段说明: 更新人名称   业务含义: 最后一次更新该物流订单的系统用户名称   关键词: 更新人名称,修改人姓名,最后修改人   同义词: 修改者姓名,更新用户名称   示例问题: 李四修改过哪些物流订单？查看最近的更新人名称。   业务领域: 系统管理 ",ee1b2009-2f7a-4352-a757-b64fe7842dac,NULL,NULL
330,5440,物流订单最后一次被更新的时间,"更新时间,修改时间,最后修改时间","订单更新时间,最后修改时间",最近一周更新过的物流订单有哪些？查看物流单的最后更新时间。,系统管理,0.9500,AI,2026-08-12 09:26:47.8384286,"表: wms_logistics_order   字段: update_time   字段说明: 更新人时间   业务含义: 物流订单最后一次被更新的时间   关键词: 更新时间,修改时间,最后修改时间   同义词: 订单更新时间,最后修改时间   示例问题: 最近一周更新过的物流订单有哪些？查看物流单的最后更新时间。   业务领域: 系统管理 ",a2ada014-11e6-487c-8113-483cddfd2a7e,NULL,NULL
331,5441,物流订单的逻辑删除标识，0表示未删除，1表示已删除,"删除标识,是否删除,逻辑删除","删除状态,作废标识,有效标识",当前有效的物流订单有多少？（即删除标识为0的订单）,系统管理,0.9500,AI,2026-08-12 09:26:47.8385477,"表: wms_logistics_order   字段: del_flag   字段说明: 是否删除标识：0否 1是   业务含义: 物流订单的逻辑删除标识，0表示未删除，1表示已删除   关键词: 删除标识,是否删除,逻辑删除   同义词: 删除状态,作废标识,有效标识   示例问题: 当前有效的物流订单有多少？（即删除标识为0的订单）   业务领域: 系统管理 ",3fe2ed7d-2051-496f-a8a0-162ab7776038,NULL,NULL
332,5442,物流运输记录的唯一主键标识,"主键,运输记录ID,物流运输ID","记录ID,运输单ID,主键ID",运输记录ID为100的详细信息是什么？,仓储物流,0.9500,AI,2026-08-12 09:26:47.8386709,"表: wms_logistics_transportation   字段: id   字段说明: 主键   业务含义: 物流运输记录的唯一主键标识   关键词: 主键,运输记录ID,物流运输ID   同义词: 记录ID,运输单ID,主键ID   示例问题: 运输记录ID为100的详细信息是什么？   业务领域: 仓储物流 ",976f8df1-2068-449a-ac80-073abc59a40d,NULL,NULL
333,5443,物流运输记录所关联的物流订单ID,"物流单ID,关联物流单ID,物流订单ID","物流订单编号,所属物流单ID",物流单ID为500的运输方式是什么？查看某个物流单关联的运输记录。,仓储物流,0.9500,AI,2026-08-12 09:26:47.8387892,"表: wms_logistics_transportation   字段: logistics_id   字段说明: 物流单id   业务含义: 物流运输记录所关联的物流订单ID   关键词: 物流单ID,关联物流单ID,物流订单ID   同义词: 物流订单编号,所属物流单ID   示例问题: 物流单ID为500的运输方式是什么？查看某个物流单关联的运输记录。   业务领域: 仓储物流 ",c386ab30-6968-495f-a3ac-814e47224581,NULL,NULL
334,5444,物流运输所采用的具体运输方式，如公路、铁路、航空、海运等,"运输方式,物流方式,配送方式","配送方式,货运方式,承运方式",采用航空运输的物流单有多少？统计各种运输方式的订单占比。,仓储物流,0.9500,AI,2026-08-12 09:26:47.8389065,"表: wms_logistics_transportation   字段: way   字段说明: 运输方式   业务含义: 物流运输所采用的具体运输方式，如公路、铁路、航空、海运等   关键词: 运输方式,物流方式,配送方式   同义词: 配送方式,货运方式,承运方式   示例问题: 采用航空运输的物流单有多少？统计各种运输方式的订单占比。   业务领域: 仓储物流 ",6279993c-c193-4cb2-89a7-6fa157366740,NULL,NULL
335,5445,物流运输方式的分类ID,"分类ID,运输分类ID,物流分类ID","类别ID,类型ID",分类ID为10的运输方式包含哪些？,仓储物流,0.9000,AI,2026-08-12 09:26:47.8390411,"表: wms_logistics_transportation   字段: classification_id   字段说明: 分类id   业务含义: 物流运输方式的分类ID   关键词: 分类ID,运输分类ID,物流分类ID   同义词: 类别ID,类型ID   示例问题: 分类ID为10的运输方式包含哪些？   业务领域: 仓储物流 ",2e815a34-10f1-4010-bca1-104fc221767c,NULL,NULL
336,5446,物流运输方式的分类名称，如干线运输、同城配送等,"分类名称,运输分类名称,物流分类","类别名称,类型名称,运输类别",属于“同城配送”分类的运输记录有多少？按运输分类名称统计物流单量。,仓储物流,0.9500,AI,2026-08-12 09:26:47.8391783,"表: wms_logistics_transportation   字段: classification_name   字段说明: 分类名称   业务含义: 物流运输方式的分类名称，如干线运输、同城配送等   关键词: 分类名称,运输分类名称,物流分类   同义词: 类别名称,类型名称,运输类别   示例问题: 属于“同城配送”分类的运输记录有多少？按运输分类名称统计物流单量。   业务领域: 仓储物流 ",65b5e198-8abb-4c44-86dd-faa72e807daa,NULL,NULL
337,5447,创建该物流运输记录的系统用户ID,"创建人ID,创建者ID,制单人ID","制单人ID,录入人ID,创建用户ID",创建人ID为1001的物流运输记录有多少？,系统管理,0.9000,AI,2026-08-12 09:26:47.8393214,"表: wms_logistics_transportation   字段: create_by   字段说明: 创建人id   业务含义: 创建该物流运输记录的系统用户ID   关键词: 创建人ID,创建者ID,制单人ID   同义词: 制单人ID,录入人ID,创建用户ID   示例问题: 创建人ID为1001的物流运输记录有多少？   业务领域: 系统管理 ",71a97328-c8fe-4137-988a-a516da922b70,NULL,NULL
338,5448,创建该物流运输记录的系统用户名称,"创建人名称,创建者姓名,制单人姓名","制单人,录入人,创建用户名称",张三创建了多少条物流运输记录？按创建人统计运输记录数量。,系统管理,0.9500,AI,2026-08-12 09:26:47.8394649,"表: wms_logistics_transportation   字段: create_name   字段说明: 创建人名称   业务含义: 创建该物流运输记录的系统用户名称   关键词: 创建人名称,创建者姓名,制单人姓名   同义词: 制单人,录入人,创建用户名称   示例问题: 张三创建了多少条物流运输记录？按创建人统计运输记录数量。   业务领域: 系统管理 ",dfbdafe7-06bf-451e-9011-cade3908d486,NULL,NULL
339,5449,物流运输记录在系统中的创建时间,"创建时间,制单时间,录入时间","记录创建时间,新建时间,制单时间",上个月创建了多少条物流运输记录？查看今天创建的运输记录。,系统管理,0.9500,AI,2026-08-12 09:26:47.8396175,"表: wms_logistics_transportation   字段: create_time   字段说明: 创建时间   业务含义: 物流运输记录在系统中的创建时间   关键词: 创建时间,制单时间,录入时间   同义词: 记录创建时间,新建时间,制单时间   示例问题: 上个月创建了多少条物流运输记录？查看今天创建的运输记录。   业务领域: 系统管理 ",d15ca897-2e03-49fa-94e2-550c0b8a1612,NULL,NULL
340,5450,最后一次更新该物流运输记录的系统用户ID,"更新人ID,修改人ID,最后修改人ID","修改者ID,更新用户ID",更新人ID为1002修改了哪些物流运输记录？,系统管理,0.9000,AI,2026-08-12 09:26:47.8397663,"表: wms_logistics_transportation   字段: update_by   字段说明: 更新人id   业务含义: 最后一次更新该物流运输记录的系统用户ID   关键词: 更新人ID,修改人ID,最后修改人ID   同义词: 修改者ID,更新用户ID   示例问题: 更新人ID为1002修改了哪些物流运输记录？   业务领域: 系统管理 ",3764e3e5-3842-41b5-8b4f-ee5333cd9706,NULL,NULL
341,5451,最后一次更新该物流运输记录的系统用户名称,"更新人名称,修改人姓名,最后修改人","修改者姓名,更新用户名称",李四修改过哪些物流运输记录？查看最近的更新人名称。,系统管理,0.9500,AI,2026-08-12 09:26:47.8399125,"表: wms_logistics_transportation   字段: update_name   字段说明: 更新人名称   业务含义: 最后一次更新该物流运输记录的系统用户名称   关键词: 更新人名称,修改人姓名,最后修改人   同义词: 修改者姓名,更新用户名称   示例问题: 李四修改过哪些物流运输记录？查看最近的更新人名称。   业务领域: 系统管理 ",5f9dd574-375b-496c-a39e-67465a83a53d,NULL,NULL
342,5452,物流运输记录最后一次被更新的时间,"更新时间,修改时间,最后修改时间","记录更新时间,最后修改时间",最近一周更新过的物流运输记录有哪些？查看运输记录的最后更新时间。,系统管理,0.9500,AI,2026-08-12 09:26:47.8400634,"表: wms_logistics_transportation   字段: update_time   字段说明: 更新人时间   业务含义: 物流运输记录最后一次被更新的时间   关键词: 更新时间,修改时间,最后修改时间   同义词: 记录更新时间,最后修改时间   示例问题: 最近一周更新过的物流运输记录有哪些？查看运输记录的最后更新时间。   业务领域: 系统管理 ",d7510502-f9da-4da5-bb6f-56959b554e31,NULL,NULL
343,5453,物流运输记录的逻辑删除标识，0表示未删除，1表示已删除,"删除标识,是否删除,逻辑删除","删除状态,作废标识,有效标识",当前有效的物流运输记录有多少？,系统管理,0.9500,AI,2026-08-12 09:26:47.8402162,"表: wms_logistics_transportation   字段: del_flag   字段说明: 是否删除标识：0否 1是   业务含义: 物流运输记录的逻辑删除标识，0表示未删除，1表示已删除   关键词: 删除标识,是否删除,逻辑删除   同义词: 删除状态,作废标识,有效标识   示例问题: 当前有效的物流运输记录有多少？   业务领域: 系统管理 ",49d09df2-f468-43aa-827b-3046871ff2f4,NULL,NULL
344,5454,物料下架策略的唯一主键标识,"主键,下架策略ID,策略ID","记录ID,主键ID",下架策略ID为100的详细规则是什么？,仓储管理,0.9500,AI,2026-08-12 09:26:47.8404068,"表: wms_shelf_down_strategy   字段: id   字段说明: 主键   业务含义: 物料下架策略的唯一主键标识   关键词: 主键,下架策略ID,策略ID   同义词: 记录ID,主键ID   示例问题: 下架策略ID为100的详细规则是什么？   业务领域: 仓储管理 ",8d84f889-d7aa-4e57-80c0-03cc9c20c668,NULL,NULL
345,5455,下架策略所关联的物料ID,"物料ID,商品ID,货物ID","物品ID,产品ID",物料ID为200的下架策略是什么？查看指定物料的下架规则。,仓储管理,0.9500,AI,2026-08-12 09:26:47.8405633,"表: wms_shelf_down_strategy   字段: material_id   字段说明: 物料id   业务含义: 下架策略所关联的物料ID   关键词: 物料ID,商品ID,货物ID   同义词: 物品ID,产品ID   示例问题: 物料ID为200的下架策略是什么？查看指定物料的下架规则。   业务领域: 仓储管理 ",8715167e-eadd-4735-9184-36b8e9d8e6a5,NULL,NULL
346,5456,下架策略所关联的物料编码,"物料编码,商品编码,货物编码","物品编码,产品编码,SKU编码",物料编码为M001的下架策略是什么？按物料编码查询下架规则。,仓储管理,0.9500,AI,2026-08-12 09:26:47.8407187,"表: wms_shelf_down_strategy   字段: material_code   字段说明: 物料编码   业务含义: 下架策略所关联的物料编码   关键词: 物料编码,商品编码,货物编码   同义词: 物品编码,产品编码,SKU编码   示例问题: 物料编码为M001的下架策略是什么？按物料编码查询下架规则。   业务领域: 仓储管理 ",39f0b646-5ed7-4b5d-9e11-804860e1ad85,NULL,NULL
347,5457,下架策略所关联的物料名称,"物料名称,商品名称,货物名称","物品名称,产品名称,SKU名称",名称包含“电池”的物料下架策略有哪些？按物料名称统计下架策略数量。,仓储管理,0.9500,AI,2026-08-12 09:26:47.8408603,"表: wms_shelf_down_strategy   字段: material_name   字段说明: 物料名称   业务含义: 下架策略所关联的物料名称   关键词: 物料名称,商品名称,货物名称   同义词: 物品名称,产品名称,SKU名称   示例问题: 名称包含“电池”的物料下架策略有哪些？按物料名称统计下架策略数量。   业务领域: 仓储管理 ",9c1e6d6c-6a9f-4d9c-bc76-34ee656a60d6,NULL,NULL
348,5458,物料下架的具体类型或策略模式，如先进先出、后进先出、按批次等,"下架类型,出库策略,下架方式","出库类型,拣货策略,下架规则类型",采用先进先出下架类型的物料有多少？统计各种下架类型的物料数量。,仓储管理,0.9500,AI,2026-08-12 09:26:47.8410058,"表: wms_shelf_down_strategy   字段: sold_out_type   字段说明: 下架类型   业务含义: 物料下架的具体类型或策略模式，如先进先出、后进先出、按批次等   关键词: 下架类型,出库策略,下架方式   同义词: 出库类型,拣货策略,下架规则类型   示例问题: 采用先进先出下架类型的物料有多少？统计各种下架类型的物料数量。   业务领域: 仓储管理 ",3cc41c64-7279-47ac-a87e-31302459c822,NULL,NULL
349,5459,货架在下架拣货时的排序优先级，数字越小优先级越高,"货架排序,拣货顺序,下架优先级","排序号,货架优先级,拣货优先级",货架排序为1的物料有哪些？查看下架优先级最高的货架。,仓储管理,0.9000,AI,2026-08-12 09:26:47.8411433,"表: wms_shelf_down_strategy   字段: shelf_order   字段说明: 货架排序   业务含义: 货架在下架拣货时的排序优先级，数字越小优先级越高   关键词: 货架排序,拣货顺序,下架优先级   同义词: 排序号,货架优先级,拣货优先级   示例问题: 货架排序为1的物料有哪些？查看下架优先级最高的货架。   业务领域: 仓储管理 ",b0ea5d37-ef98-41bb-946d-7eff24f1d77e,NULL,NULL
350,5460,创建该下架策略的系统用户ID,"创建人ID,创建者ID,制单人ID","制单人ID,录入人ID,创建用户ID",创建人ID为1001的下架策略有多少？,系统管理,0.9000,AI,2026-08-12 09:26:47.8412975,"表: wms_shelf_down_strategy   字段: create_by   字段说明: 创建人id   业务含义: 创建该下架策略的系统用户ID   关键词: 创建人ID,创建者ID,制单人ID   同义词: 制单人ID,录入人ID,创建用户ID   示例问题: 创建人ID为1001的下架策略有多少？   业务领域: 系统管理 ",c6b9712b-0f65-4142-90ff-e6130fa4d178,NULL,NULL
351,5461,创建该下架策略的系统用户名称,"创建人名称,创建者姓名,制单人姓名","制单人,录入人,创建用户名称",张三创建了多少个下架策略？按创建人统计下架策略数量。,系统管理,0.9500,AI,2026-08-12 09:26:47.8414482,"表: wms_shelf_down_strategy   字段: create_name   字段说明: 创建人名称   业务含义: 创建该下架策略的系统用户名称   关键词: 创建人名称,创建者姓名,制单人姓名   同义词: 制单人,录入人,创建用户名称   示例问题: 张三创建了多少个下架策略？按创建人统计下架策略数量。   业务领域: 系统管理 ",3c872d71-6bb4-454a-8f51-d27b7785a05c,NULL,NULL
352,5462,下架策略在系统中的创建时间,"创建时间,制单时间,录入时间","策略创建时间,新建时间,制单时间",上个月创建了多少个下架策略？查看今天创建的下架策略。,系统管理,0.9500,AI,2026-08-12 09:26:47.8415821,"表: wms_shelf_down_strategy   字段: create_time   字段说明: 创建时间   业务含义: 下架策略在系统中的创建时间   关键词: 创建时间,制单时间,录入时间   同义词: 策略创建时间,新建时间,制单时间   示例问题: 上个月创建了多少个下架策略？查看今天创建的下架策略。   业务领域: 系统管理 ",2311c72b-c961-499f-ac70-24a4f7c92eba,NULL,NULL
353,5463,最后一次更新该下架策略的系统用户ID,"更新人ID,修改人ID,最后修改人ID","修改者ID,更新用户ID",更新人ID为1002修改了哪些下架策略？,系统管理,0.9000,AI,2026-08-12 09:26:47.8417234,"表: wms_shelf_down_strategy   字段: update_by   字段说明: 更新人id   业务含义: 最后一次更新该下架策略的系统用户ID   关键词: 更新人ID,修改人ID,最后修改人ID   同义词: 修改者ID,更新用户ID   示例问题: 更新人ID为1002修改了哪些下架策略？   业务领域: 系统管理 ",16c35054-238c-4d91-b8e8-d83a1701b4dc,NULL,NULL
354,5464,最后一次更新该下架策略的系统用户名称,"更新人名称,修改人姓名,最后修改人","修改者姓名,更新用户名称",李四修改过哪些下架策略？查看最近的更新人名称。,系统管理,0.9500,AI,2026-08-12 09:26:47.8418604,"表: wms_shelf_down_strategy   字段: update_name   字段说明: 更新人名称   业务含义: 最后一次更新该下架策略的系统用户名称   关键词: 更新人名称,修改人姓名,最后修改人   同义词: 修改者姓名,更新用户名称   示例问题: 李四修改过哪些下架策略？查看最近的更新人名称。   业务领域: 系统管理 ",5a4d00ab-b0ea-44fc-af4d-2dddf07412e1,NULL,NULL
355,5465,下架策略最后一次被更新的时间,"更新时间,修改时间,最后修改时间","策略更新时间,最后修改时间",最近一周更新过的下架策略有哪些？查看下架策略的最后更新时间。,系统管理,0.9500,AI,2026-08-12 09:26:47.8419961,"表: wms_shelf_down_strategy   字段: update_time   字段说明: 更新人时间   业务含义: 下架策略最后一次被更新的时间   关键词: 更新时间,修改时间,最后修改时间   同义词: 策略更新时间,最后修改时间   示例问题: 最近一周更新过的下架策略有哪些？查看下架策略的最后更新时间。   业务领域: 系统管理 ",d9ec03b8-6ba2-4fca-b069-bdb55ef04b82,NULL,NULL
356,5466,下架策略的逻辑删除标识，0表示未删除，1表示已删除,"删除标识,是否删除,逻辑删除","删除状态,作废标识,有效标识",当前有效的下架策略有多少？,系统管理,0.9500,AI,2026-08-12 09:26:47.8421338,"表: wms_shelf_down_strategy   字段: del_flag   字段说明: 是否删除标识：0否 1是   业务含义: 下架策略的逻辑删除标识，0表示未删除，1表示已删除   关键词: 删除标识,是否删除,逻辑删除   同义词: 删除状态,作废标识,有效标识   示例问题: 当前有效的下架策略有多少？   业务领域: 系统管理 ",b420476a-62fd-45f1-90f6-05d4b93947af,NULL,NULL
357,5467,下架策略的补充说明或备注信息,"备注,说明,策略备注","备注信息,附加说明,下架备注",备注中包含“危险品”的下架策略有哪些？查看下架策略的备注内容。,仓储管理,0.9000,AI,2026-08-12 09:26:47.8422738,"表: wms_shelf_down_strategy   字段: note   字段说明: 备注   业务含义: 下架策略的补充说明或备注信息   关键词: 备注,说明,策略备注   同义词: 备注信息,附加说明,下架备注   示例问题: 备注中包含“危险品”的下架策略有哪些？查看下架策略的备注内容。   业务领域: 仓储管理 ",711ddba5-c140-4e82-ac2f-6ddcb5b8c919,NULL,NULL
358,5468,物料上架策略的唯一主键标识,"主键,上架策略ID,策略ID","记录ID,主键ID",上架策略ID为100的详细规则是什么？,仓储管理,0.9500,AI,2026-08-12 09:26:47.8424323,"表: wms_shelf_up_strategy   字段: id   字段说明: 主键   业务含义: 物料上架策略的唯一主键标识   关键词: 主键,上架策略ID,策略ID   同义词: 记录ID,主键ID   示例问题: 上架策略ID为100的详细规则是什么？   业务领域: 仓储管理 ",aaa7b7a8-10f4-46b9-8cd2-b82dc6670103,NULL,NULL
359,5469,上架策略所关联的物料ID,"物料ID,商品ID,货物ID","物品ID,产品ID",物料ID为200的上架策略是什么？查看指定物料的上架规则。,仓储管理,0.9500,AI,2026-08-12 09:26:47.8425616,"表: wms_shelf_up_strategy   字段: material_id   字段说明: 物料id   业务含义: 上架策略所关联的物料ID   关键词: 物料ID,商品ID,货物ID   同义词: 物品ID,产品ID   示例问题: 物料ID为200的上架策略是什么？查看指定物料的上架规则。   业务领域: 仓储管理 ",39f4ad50-469a-4b00-8942-db3494ebcdc8,NULL,NULL
360,5470,上架策略所关联的物料编码,"物料编码,商品编码,货物编码","物品编码,产品编码,SKU编码",物料编码为M001的上架策略是什么？按物料编码查询上架规则。,仓储管理,0.9500,AI,2026-08-12 09:26:47.8426985,"表: wms_shelf_up_strategy   字段: material_code   字段说明: 物料编码   业务含义: 上架策略所关联的物料编码   关键词: 物料编码,商品编码,货物编码   同义词: 物品编码,产品编码,SKU编码   示例问题: 物料编码为M001的上架策略是什么？按物料编码查询上架规则。   业务领域: 仓储管理 ",57b3a48d-2f46-4992-a290-e7e99a602365,NULL,NULL
361,5471,上架策略所关联的物料名称,"物料名称,商品名称,货物名称","物品名称,产品名称,SKU名称",名称包含“电池”的物料上架策略有哪些？按物料名称统计上架策略数量。,仓储管理,0.9500,AI,2026-08-12 09:26:47.8428334,"表: wms_shelf_up_strategy   字段: material_name   字段说明: 物料名称   业务含义: 上架策略所关联的物料名称   关键词: 物料名称,商品名称,货物名称   同义词: 物品名称,产品名称,SKU名称   示例问题: 名称包含“电池”的物料上架策略有哪些？按物料名称统计上架策略数量。   业务领域: 仓储管理 ",7918ab2a-60e2-49d6-9924-c93325db8530,NULL,NULL
362,5472,物料上架时指定的目标存储位置或库区库位信息,"存储位置,库位,上架库位","存放位置,目标库位,储位",存储位置在A区的物料上架策略有哪些？查看指定库位的上架规则。,仓储管理,0.9500,AI,2026-08-12 09:26:47.8429588,"表: wms_shelf_up_strategy   字段: storage_location   字段说明: 存储位置   业务含义: 物料上架时指定的目标存储位置或库区库位信息   关键词: 存储位置,库位,上架库位   同义词: 存放位置,目标库位,储位   示例问题: 存储位置在A区的物料上架策略有哪些？查看指定库位的上架规则。   业务领域: 仓储管理 ",56af3922-a664-4ac4-a0f9-a401039b453f,NULL,NULL
363,5473,物料在指定存储位置允许存放的最大数量上限,"最大存储数量,库位容量,最大库存量","最大存放数量,库存上限,最高库存量",最大存储数量超过1000的物料有哪些？统计各物料的最大存储数量。,仓储管理,0.9500,AI,2026-08-12 09:26:47.8430918,"表: wms_shelf_up_strategy   字段: max_storage_quantity   字段说明: 最大存储数量   业务含义: 物料在指定存储位置允许存放的最大数量上限   关键词: 最大存储数量,库位容量,最大库存量   同义词: 最大存放数量,库存上限,最高库存量   示例问题: 最大存储数量超过1000的物料有哪些？统计各物料的最大存储数量。   业务领域: 仓储管理 ",a64a607a-19a6-4bc8-ac65-0a2311f9a1c1,NULL,NULL
364,5474,创建该上架策略的系统用户ID,"创建人ID,创建者ID,制单人ID","制单人ID,录入人ID,创建用户ID",创建人ID为1001的上架策略有多少？,系统管理,0.9000,AI,2026-08-12 09:26:47.8432358,"表: wms_shelf_up_strategy   字段: create_by   字段说明: 创建人id   业务含义: 创建该上架策略的系统用户ID   关键词: 创建人ID,创建者ID,制单人ID   同义词: 制单人ID,录入人ID,创建用户ID   示例问题: 创建人ID为1001的上架策略有多少？   业务领域: 系统管理 ",9ff94eb5-d30e-4ca8-8d5a-af3d2f365986,NULL,NULL
365,5475,创建该上架策略的系统用户名称,"创建人名称,创建者姓名,制单人姓名","制单人,录入人,创建用户名称",张三创建了多少个上架策略？按创建人统计上架策略数量。,系统管理,0.9500,AI,2026-08-12 09:26:47.8433662,"表: wms_shelf_up_strategy   字段: create_name   字段说明: 创建人名称   业务含义: 创建该上架策略的系统用户名称   关键词: 创建人名称,创建者姓名,制单人姓名   同义词: 制单人,录入人,创建用户名称   示例问题: 张三创建了多少个上架策略？按创建人统计上架策略数量。   业务领域: 系统管理 ",9d967f64-858f-47f0-86d3-0d3dc98594b8,NULL,NULL
366,5476,上架策略在系统中的创建时间,"创建时间,制单时间,录入时间","策略创建时间,新建时间,制单时间",上个月创建了多少个上架策略？查看今天创建的上架策略。,系统管理,0.9500,AI,2026-08-12 09:26:47.8434968,"表: wms_shelf_up_strategy   字段: create_time   字段说明: 创建时间   业务含义: 上架策略在系统中的创建时间   关键词: 创建时间,制单时间,录入时间   同义词: 策略创建时间,新建时间,制单时间   示例问题: 上个月创建了多少个上架策略？查看今天创建的上架策略。   业务领域: 系统管理 ",f1714844-91de-4131-ba5c-53a53a372cad,NULL,NULL
367,5477,最后一次更新该上架策略的系统用户ID,"更新人ID,修改人ID,最后修改人ID","修改者ID,更新用户ID",更新人ID为1002修改了哪些上架策略？,系统管理,0.9000,AI,2026-08-12 09:26:47.8436360,"表: wms_shelf_up_strategy   字段: update_by   字段说明: 更新人id   业务含义: 最后一次更新该上架策略的系统用户ID   关键词: 更新人ID,修改人ID,最后修改人ID   同义词: 修改者ID,更新用户ID   示例问题: 更新人ID为1002修改了哪些上架策略？   业务领域: 系统管理 ",b236fade-26b2-47e9-8af6-75e59d2896bc,NULL,NULL
368,5478,最后一次更新该上架策略的系统用户名称,"更新人名称,修改人姓名,最后修改人","修改者姓名,更新用户名称",李四修改过哪些上架策略？查看最近的更新人名称。,系统管理,0.9500,AI,2026-08-12 09:26:47.8437670,"表: wms_shelf_up_strategy   字段: update_name   字段说明: 更新人名称   业务含义: 最后一次更新该上架策略的系统用户名称   关键词: 更新人名称,修改人姓名,最后修改人   同义词: 修改者姓名,更新用户名称   示例问题: 李四修改过哪些上架策略？查看最近的更新人名称。   业务领域: 系统管理 ",c602fefb-570a-486b-b688-56c9b2d3dfbc,NULL,NULL
369,5479,上架策略最后一次被更新的时间,"更新时间,修改时间,最后修改时间","策略更新时间,最后修改时间",最近一周更新过的上架策略有哪些？查看上架策略的最后更新时间。,系统管理,0.9500,AI,2026-08-12 09:26:47.8438967,"表: wms_shelf_up_strategy   字段: update_time   字段说明: 更新人时间   业务含义: 上架策略最后一次被更新的时间   关键词: 更新时间,修改时间,最后修改时间   同义词: 策略更新时间,最后修改时间   示例问题: 最近一周更新过的上架策略有哪些？查看上架策略的最后更新时间。   业务领域: 系统管理 ",9a5fa309-298c-48f1-b491-ef9dfb2f3abc,NULL,NULL
370,5480,上架策略的逻辑删除标识，0表示未删除，1表示已删除,"删除标识,是否删除,逻辑删除","删除状态,作废标识,有效标识",当前有效的上架策略有多少？,系统管理,0.9500,AI,2026-08-12 09:26:47.8440457,"表: wms_shelf_up_strategy   字段: del_flag   字段说明: 是否删除标识：0否 1是   业务含义: 上架策略的逻辑删除标识，0表示未删除，1表示已删除   关键词: 删除标识,是否删除,逻辑删除   同义词: 删除状态,作废标识,有效标识   示例问题: 当前有效的上架策略有多少？   业务领域: 系统管理 ",d8585a9f-7637-4f9b-9dc0-bdeea0e473af,NULL,NULL
371,5481,上架策略的备注说明信息,"备注,说明,上架策略","备注信息,说明,描述",上架策略的备注是什么？;查询带有备注的上架策略,仓储管理,0.9500,AI,2026-08-12 09:26:47.8442020,"表: wms_shelf_up_strategy   字段: note   字段说明: 备注   业务含义: 上架策略的备注说明信息   关键词: 备注,说明,上架策略   同义词: 备注信息,说明,描述   示例问题: 上架策略的备注是什么？;查询带有备注的上架策略   业务领域: 仓储管理 ",dca2bb8c-89d8-4ed2-b62a-e26c8e299d3b,NULL,NULL
372,5482,签收反馈记录的唯一主键标识,"主键,ID,签收反馈ID","主键ID,记录编号,唯一标识",签收反馈的主键ID是多少？;根据ID查询签收反馈记录,物流配送,0.9800,AI,2026-08-12 09:26:47.8443620,"表: wms_sign_feedback   字段: id   字段说明:    业务含义: 签收反馈记录的唯一主键标识   关键词: 主键,ID,签收反馈ID   同义词: 主键ID,记录编号,唯一标识   示例问题: 签收反馈的主键ID是多少？;根据ID查询签收反馈记录   业务领域: 物流配送 ",ec67ebf1-349c-45ff-9bdc-38169622a96f,NULL,NULL
373,5483,物流配送过程中的物流单号或销售订单号,"物流单号,销售订单,单号","运单号,物流单,销售单号",这个物流单号是多少？;查询指定物流单号的签收反馈,物流配送,0.9500,AI,2026-08-12 09:26:47.8445175,"表: wms_sign_feedback   字段: sales_order   字段说明: 物流单号   业务含义: 物流配送过程中的物流单号或销售订单号   关键词: 物流单号,销售订单,单号   同义词: 运单号,物流单,销售单号   示例问题: 这个物流单号是多少？;查询指定物流单号的签收反馈   业务领域: 物流配送 ",5d9d31fe-54a8-4b0d-a586-36a5efd6d07b,NULL,NULL
374,5484,承运货物的物流公司名称,"物流公司,承运商,快递","承运公司,运输公司,物流商",这批货是哪个物流公司承运的？;统计各物流公司的签收反馈数量,物流配送,0.9500,AI,2026-08-12 09:26:47.8446677,"表: wms_sign_feedback   字段: logistics_company   字段说明: 物流公司    业务含义: 承运货物的物流公司名称   关键词: 物流公司,承运商,快递   同义词: 承运公司,运输公司,物流商   示例问题: 这批货是哪个物流公司承运的？;统计各物流公司的签收反馈数量   业务领域: 物流配送 ",4a042196-da17-40a8-b44c-80d4591e5d0a,NULL,NULL
375,5485,签收反馈所涉及的产品名称或信息,"产品,商品,货物","货品,物料,商品名称",签收的是什么产品？;查询某产品的签收反馈记录,物流配送,0.9500,AI,2026-08-12 09:26:47.8448062,"表: wms_sign_feedback   字段: product   字段说明: 产品   业务含义: 签收反馈所涉及的产品名称或信息   关键词: 产品,商品,货物   同义词: 货品,物料,商品名称   示例问题: 签收的是什么产品？;查询某产品的签收反馈记录   业务领域: 物流配送 ",d2bac778-9a2d-490e-90a7-fc74cfca5068,NULL,NULL
376,5486,签收反馈的当前处理状态（0:待确认反馈 1:已反馈 3:已退回）,"反馈状态,处理状态,状态","当前状态,业务状态,审核状态",有多少待确认的签收反馈？;查询已退回的签收反馈记录,物流配送,0.9800,AI,2026-08-12 09:26:47.8449378,"表: wms_sign_feedback   字段: state   字段说明: 反馈状态（0:待确认反馈 1：已反馈 3:已退回）   业务含义: 签收反馈的当前处理状态（0:待确认反馈 1:已反馈 3:已退回）   关键词: 反馈状态,处理状态,状态   同义词: 当前状态,业务状态,审核状态   示例问题: 有多少待确认的签收反馈？;查询已退回的签收反馈记录   业务领域: 物流配送 ",7ebda294-1c3f-47d3-b9cc-b72eadda140c,NULL,NULL
377,5487,运输货物的车辆牌照号码,"车牌号,车辆,运输车","车牌,汽车牌照,货车车牌",送货的车牌号是多少？;统计某车牌号的送货签收次数,物流配送,0.9500,AI,2026-08-12 09:26:47.8450784,"表: wms_sign_feedback   字段: car_code   字段说明: 车牌号   业务含义: 运输货物的车辆牌照号码   关键词: 车牌号,车辆,运输车   同义词: 车牌,汽车牌照,货车车牌   示例问题: 送货的车牌号是多少？;统计某车牌号的送货签收次数   业务领域: 物流配送 ",56c7d66f-2ebf-4fc1-8093-66152d917ec6,NULL,NULL
378,5488,接收货物的客户名称或信息,"客户,买家,收货人","客户名称,买方,收货客户",这批货是发给哪个客户的？;查询某客户的签收反馈记录,物流配送,0.9500,AI,2026-08-12 09:26:47.8452305,"表: wms_sign_feedback   字段: client   字段说明: 客户   业务含义: 接收货物的客户名称或信息   关键词: 客户,买家,收货人   同义词: 客户名称,买方,收货客户   示例问题: 这批货是发给哪个客户的？;查询某客户的签收反馈记录   业务领域: 物流配送 ",f737f762-ed80-40c3-a756-0db54d65bb1c,NULL,NULL
379,5489,货物实际发出或计划发出的日期,"发货日期,发出时间,出库日期","发货时间,出库时间,起运日期",这批货是什么时候发货的？;查询本月的发货签收记录,物流配送,0.9500,AI,2026-08-12 09:26:47.8453772,"表: wms_sign_feedback   字段: send_date   字段说明: 发货日期   业务含义: 货物实际发出或计划发出的日期   关键词: 发货日期,发出时间,出库日期   同义词: 发货时间,出库时间,起运日期   示例问题: 这批货是什么时候发货的？;查询本月的发货签收记录   业务领域: 物流配送 ",1f2fc01c-8583-4176-a3d9-451a83456168,NULL,NULL
380,5490,实际发货的货物数量,"发货数量,发出数量,出库数量","发货数,出库数,发送数量",这批货发了多少数量？;统计各产品的发货总数量,物流配送,0.9500,AI,2026-08-12 09:26:47.8455107,"表: wms_sign_feedback   字段: send_quantity   字段说明: 发货数量   业务含义: 实际发货的货物数量   关键词: 发货数量,发出数量,出库数量   同义词: 发货数,出库数,发送数量   示例问题: 这批货发了多少数量？;统计各产品的发货总数量   业务领域: 物流配送 ",600281a8-3ae0-408f-9c29-8c70c4f2322b,NULL,NULL
381,5491,发货货物的总面积或计价面积（常见于板材、建材行业）,"发货面积,计价面积,平方数","发货平米数,面积,发货平方",这批货的发货面积是多少？;统计本月的发货总面积,物流配送,0.9000,AI,2026-08-12 09:26:47.8456447,"表: wms_sign_feedback   字段: price_quantity   字段说明: 发货面积   业务含义: 发货货物的总面积或计价面积（常见于板材、建材行业）   关键词: 发货面积,计价面积,平方数   同义词: 发货平米数,面积,发货平方   示例问题: 这批货的发货面积是多少？;统计本月的发货总面积   业务领域: 物流配送 ",b1bf5d1a-e5a6-41df-a517-36ef03bac05c,NULL,NULL
382,5492,货物签收的方式或类型（如本人签收、代收等）,"签收类型,签收方式,收货方式","签收方式,交付类型,收货类型",这批货的签收类型是什么？;统计不同签收类型的数量,物流配送,0.9000,AI,2026-08-12 09:26:47.8457872,"表: wms_sign_feedback   字段: signature_type   字段说明: 签收类型   业务含义: 货物签收的方式或类型（如本人签收、代收等）   关键词: 签收类型,签收方式,收货方式   同义词: 签收方式,交付类型,收货类型   示例问题: 这批货的签收类型是什么？;统计不同签收类型的数量   业务领域: 物流配送 ",a5c56477-6609-4ff2-90b7-fb3377011e72,NULL,NULL
383,5493,客户实际签收确认的货物数量,"签收数量,收货数量,实收数量","实收数,签收数,确认数量",客户实际签收了多少数量？;对比发货数量和签收数量,物流配送,0.9500,AI,2026-08-12 09:26:47.8459146,"表: wms_sign_feedback   字段: signed_quantity   字段说明: 签收数量   业务含义: 客户实际签收确认的货物数量   关键词: 签收数量,收货数量,实收数量   同义词: 实收数,签收数,确认数量   示例问题: 客户实际签收了多少数量？;对比发货数量和签收数量   业务领域: 物流配送 ",a46612f7-220a-4df5-884d-82f76e7ce84a,NULL,NULL
384,5494,客户实际签收确认的货物面积或计价面积,"签收面积,实收面积,收货面积","签收平米数,实收平方,确认面积",客户实际签收的面积是多少？;统计本月的签收总面积,物流配送,0.9000,AI,2026-08-12 09:26:47.8460414,"表: wms_sign_feedback   字段: signed_price_quantity   字段说明: 签收面积   业务含义: 客户实际签收确认的货物面积或计价面积   关键词: 签收面积,实收面积,收货面积   同义词: 签收平米数,实收平方,确认面积   示例问题: 客户实际签收的面积是多少？;统计本月的签收总面积   业务领域: 物流配送 ",c62cc590-9aad-4469-956d-182476fb2715,NULL,NULL
385,5495,货物送达的详细收货地址,"收货地址,送货地址,目的地","详细地址,送达地址,客户地址",这批货的收货地址在哪里？;查询发往某地区的签收记录,物流配送,0.9500,AI,2026-08-12 09:26:47.8461649,"表: wms_sign_feedback   字段: address   字段说明: 收货地址   业务含义: 货物送达的详细收货地址   关键词: 收货地址,送货地址,目的地   同义词: 详细地址,送达地址,客户地址   示例问题: 这批货的收货地址在哪里？;查询发往某地区的签收记录   业务领域: 物流配送 ",6ecade3f-8246-480e-b15d-2904e48137d0,NULL,NULL
386,5496,客户实际签收货物的日期,"签收日期,收货日期,交付日期","签收时间,收货时间,完成日期",这批货是什么时候签收的？;查询本周签收的物流记录,物流配送,0.9500,AI,2026-08-12 09:26:47.8463334,"表: wms_sign_feedback   字段: signed_date   字段说明: 签收日期   业务含义: 客户实际签收货物的日期   关键词: 签收日期,收货日期,交付日期   同义词: 签收时间,收货时间,完成日期   示例问题: 这批货是什么时候签收的？;查询本周签收的物流记录   业务领域: 物流配送 ",a25f1110-27e4-4270-94f7-3130e5518b04,NULL,NULL
387,5497,签收过程中发生的异常情况的原因说明,"异常原因,拒收原因,破损原因","异常说明,问题原因,拒收理由",这批货签收异常的原因是什么？;统计常见的签收异常原因,物流配送,0.9500,AI,2026-08-12 09:26:47.8465768,"表: wms_sign_feedback   字段: abnormal_cause   字段说明: 异常原因   业务含义: 签收过程中发生的异常情况的原因说明   关键词: 异常原因,拒收原因,破损原因   同义词: 异常说明,问题原因,拒收理由   示例问题: 这批货签收异常的原因是什么？;统计常见的签收异常原因   业务领域: 物流配送 ",b7f579fb-3d69-492f-8ead-6f134647551f,NULL,NULL
388,5498,关联的附件或凭证文件的系统ID,"文件ID,附件ID,凭证ID","文档ID,图片ID,附件编号",签收反馈关联的附件文件ID是多少？;查询带有附件的签收记录,物流配送,0.9000,AI,2026-08-12 09:26:47.8467583,"表: wms_sign_feedback   字段: file_id   字段说明: 文件id   业务含义: 关联的附件或凭证文件的系统ID   关键词: 文件ID,附件ID,凭证ID   同义词: 文档ID,图片ID,附件编号   示例问题: 签收反馈关联的附件文件ID是多少？;查询带有附件的签收记录   业务领域: 物流配送 ",2288dd61-4346-42fe-b6d5-d6b2dec8b144,NULL,NULL
389,5499,创建该签收反馈记录的用户ID,"创建人ID,创建者ID,录入人ID","新建人ID,制单人ID,提交人ID",这条签收反馈是谁创建的？;查询某用户创建的签收记录,系统管理,0.9500,AI,2026-08-12 09:26:47.8469141,"表: wms_sign_feedback   字段: create_by   字段说明: 创建人id   业务含义: 创建该签收反馈记录的用户ID   关键词: 创建人ID,创建者ID,录入人ID   同义词: 新建人ID,制单人ID,提交人ID   示例问题: 这条签收反馈是谁创建的？;查询某用户创建的签收记录   业务领域: 系统管理 ",5f9a43e9-4b2f-4523-9927-e53427f4ae73,NULL,NULL
390,5500,创建该签收反馈记录的用户姓名,"创建人,创建者,录入人","新建人,制单人,提交人姓名",这条签收反馈的创建人是谁？;统计各创建人提交的签收反馈数量,系统管理,0.9500,AI,2026-08-12 09:26:47.8470594,"表: wms_sign_feedback   字段: create_name   字段说明: 创建人名称   业务含义: 创建该签收反馈记录的用户姓名   关键词: 创建人,创建者,录入人   同义词: 新建人,制单人,提交人姓名   示例问题: 这条签收反馈的创建人是谁？;统计各创建人提交的签收反馈数量   业务领域: 系统管理 ",9546d974-f21f-4d71-a9b4-3ab12bb454d1,NULL,NULL
391,5501,该签收反馈记录的创建时间,"创建时间,录入时间,提交时间","新建时间,制单时间,生成时间",这条签收反馈是什么时候创建的？;查询今天创建的签收反馈记录,系统管理,0.9500,AI,2026-08-12 09:26:47.8472034,"表: wms_sign_feedback   字段: create_time   字段说明: 创建时间   业务含义: 该签收反馈记录的创建时间   关键词: 创建时间,录入时间,提交时间   同义词: 新建时间,制单时间,生成时间   示例问题: 这条签收反馈是什么时候创建的？;查询今天创建的签收反馈记录   业务领域: 系统管理 ",fc01a6e9-8371-4706-b1f1-d602f63430f4,NULL,NULL
392,5502,最后更新该签收反馈记录的用户ID,"更新人ID,修改人ID,更新者ID","最后修改人ID,编辑人ID",这条记录最后是谁更新的？;查询某用户更新过的签收反馈,系统管理,0.9500,AI,2026-08-12 09:26:47.8473580,"表: wms_sign_feedback   字段: update_by   字段说明: 更新人id   业务含义: 最后更新该签收反馈记录的用户ID   关键词: 更新人ID,修改人ID,更新者ID   同义词: 最后修改人ID,编辑人ID   示例问题: 这条记录最后是谁更新的？;查询某用户更新过的签收反馈   业务领域: 系统管理 ",514197e4-0d3d-4fd7-b16b-953c301f0a15,NULL,NULL
393,5503,最后更新该签收反馈记录的用户姓名,"更新人,修改人,更新者","最后修改人,编辑人姓名",这条签收反馈最后的修改人是谁？;统计各更新人的修改次数,系统管理,0.9500,AI,2026-08-12 09:26:47.8475081,"表: wms_sign_feedback   字段: update_name   字段说明: 更新人名称   业务含义: 最后更新该签收反馈记录的用户姓名   关键词: 更新人,修改人,更新者   同义词: 最后修改人,编辑人姓名   示例问题: 这条签收反馈最后的修改人是谁？;统计各更新人的修改次数   业务领域: 系统管理 ",f1516849-0d52-4a95-a5fa-24e124979b3c,NULL,NULL
394,5504,该签收反馈记录的最后更新时间,"更新时间,修改时间,最后更新时间","最后修改时间,编辑时间",这条签收反馈最后是什么时候更新的？;查询最近一周更新过的签收记录,系统管理,0.9500,AI,2026-08-12 09:26:47.8476527,"表: wms_sign_feedback   字段: update_time   字段说明: 更新人时间   业务含义: 该签收反馈记录的最后更新时间   关键词: 更新时间,修改时间,最后更新时间   同义词: 最后修改时间,编辑时间   示例问题: 这条签收反馈最后是什么时候更新的？;查询最近一周更新过的签收记录   业务领域: 系统管理 ",8f3db5fd-f6b4-4f6e-bf5f-41bf15e78a89,NULL,NULL
395,5505,记录的逻辑删除标识（0:未删除 1:已删除）,"删除标识,是否删除,逻辑删除","作废标识,删除状态,有效状态",这条签收反馈记录被删除了吗？;查询所有未删除的有效签收反馈,系统管理,0.9800,AI,2026-08-12 09:26:47.8477914,"表: wms_sign_feedback   字段: del_flag   字段说明: 是否删除标识：0否 1是   业务含义: 记录的逻辑删除标识（0:未删除 1:已删除）   关键词: 删除标识,是否删除,逻辑删除   同义词: 作废标识,删除状态,有效状态   示例问题: 这条签收反馈记录被删除了吗？;查询所有未删除的有效签收反馈   业务领域: 系统管理 ",96184a45-fe2d-46ce-a0cb-7e175c8ac132,NULL,NULL
396,5506,签收反馈记录的补充备注说明,"备注,说明,签收备注","备注信息,附加说明,描述",这条签收反馈的备注是什么？;查询带有备注说明的签收记录,物流配送,0.9500,AI,2026-08-12 09:26:47.8479062,"表: wms_sign_feedback   字段: note   字段说明: 备注   业务含义: 签收反馈记录的补充备注说明   关键词: 备注,说明,签收备注   同义词: 备注信息,附加说明,描述   示例问题: 这条签收反馈的备注是什么？;查询带有备注说明的签收记录   业务领域: 物流配送 ",6c4b9479-3b9b-4c88-afbe-e784df939aff,NULL,NULL
397,5507,签收反馈被退回的具体原因说明,"退回原因,驳回原因,拒绝原因","退回说明,驳回理由,打回原因",这条签收反馈为什么被退回？;统计常见的退回原因,物流配送,0.9500,AI,2026-08-12 09:26:47.8480308,"表: wms_sign_feedback   字段: send_back_reason   字段说明: 退回原因   业务含义: 签收反馈被退回的具体原因说明   关键词: 退回原因,驳回原因,拒绝原因   同义词: 退回说明,驳回理由,打回原因   示例问题: 这条签收反馈为什么被退回？;统计常见的退回原因   业务领域: 物流配送 ",6a21dd68-0eb0-42e7-a466-30097e3f9bdd,NULL,NULL
398,5508,入库单据的唯一主键标识,"主键,ID,入库单ID","主键ID,记录编号,唯一标识",入库单的主键ID是多少？;根据ID查询入库单详情,仓储管理,0.9800,AI,2026-08-12 09:26:47.8481660,"表: wms_storage_receipt   字段: id   字段说明: 主键   业务含义: 入库单据的唯一主键标识   关键词: 主键,ID,入库单ID   同义词: 主键ID,记录编号,唯一标识   示例问题: 入库单的主键ID是多少？;根据ID查询入库单详情   业务领域: 仓储管理 ",7f734ad8-9524-4474-9ddc-ce500626a53a,NULL,NULL
399,5509,入库单据的业务编码或单号,"编码,单号,入库单号","单据编号,入库编码,业务单号",这张入库单的单号是什么？;查询指定编码的入库单,仓储管理,0.9500,AI,2026-08-12 09:26:47.8482906,"表: wms_storage_receipt   字段: code   字段说明: 编码   业务含义: 入库单据的业务编码或单号   关键词: 编码,单号,入库单号   同义词: 单据编号,入库编码,业务单号   示例问题: 这张入库单的单号是什么？;查询指定编码的入库单   业务领域: 仓储管理 ",be2105a2-b05b-42f1-a7ba-f30edf3ce108,NULL,NULL
400,5510,入库单据的业务类型分类,"类型,入库类型,单据类型","业务类型,分类,入库类别",这张入库单是什么类型的？;统计各类型入库单的数量,仓储管理,0.9500,AI,2026-08-12 09:26:47.8484160,"表: wms_storage_receipt   字段: type   字段说明: 类型   业务含义: 入库单据的业务类型分类   关键词: 类型,入库类型,单据类型   同义词: 业务类型,分类,入库类别   示例问题: 这张入库单是什么类型的？;统计各类型入库单的数量   业务领域: 仓储管理 ",89294a35-16a1-4d36-9ded-2adde9334b11,NULL,NULL
401,5511,入库单据的当前流转或处理状态,"状态,单据状态,入库状态","当前状态,业务状态,处理进度",这张入库单目前是什么状态？;查询所有已完成的入库单,仓储管理,0.9500,AI,2026-08-12 09:26:47.8485493,"表: wms_storage_receipt   字段: status   字段说明: 状态   业务含义: 入库单据的当前流转或处理状态   关键词: 状态,单据状态,入库状态   同义词: 当前状态,业务状态,处理进度   示例问题: 这张入库单目前是什么状态？;查询所有已完成的入库单   业务领域: 仓储管理 ",9a652595-39a1-49a2-bc9c-b084882eb05a,NULL,NULL
402,5512,货物入库的目标仓库系统ID,"仓库ID,入库仓库,仓库编号","库房ID,存储仓库ID,仓库代码",这批货入到了哪个仓库？;统计各仓库的入库单数量,仓储管理,0.9500,AI,2026-08-12 09:26:47.8486753,"表: wms_storage_receipt   字段: warehouse_id   字段说明: 仓库id   业务含义: 货物入库的目标仓库系统ID   关键词: 仓库ID,入库仓库,仓库编号   同义词: 库房ID,存储仓库ID,仓库代码   示例问题: 这批货入到了哪个仓库？;统计各仓库的入库单数量   业务领域: 仓储管理 ",d6235528-7e7b-4a78-a74b-848c3f2141a5,NULL,NULL
403,5513,货物入库后存放的具体货架系统ID,"货架ID,库位ID,存放位置","货架编号,储位ID,上架位置",这批货放在了哪个货架上？;查询某货架的入库记录,仓储管理,0.9500,AI,2026-08-12 09:26:47.8488235,"表: wms_storage_receipt   字段: shelf_id   字段说明: 货架id   业务含义: 货物入库后存放的具体货架系统ID   关键词: 货架ID,库位ID,存放位置   同义词: 货架编号,储位ID,上架位置   示例问题: 这批货放在了哪个货架上？;查询某货架的入库记录   业务领域: 仓储管理 ",426006db-591b-4e89-9880-11c1424640e9,NULL,NULL
404,5514,入库单据被审核或确认的具体时间,"确认时间,审核时间,入库时间","审批时间,完成时间,确认日期",这张入库单是什么时候确认的？;查询今天确认的入库单,仓储管理,0.9500,AI,2026-08-12 09:26:47.8489575,"表: wms_storage_receipt   字段: affirm_time   字段说明: 确认时间   业务含义: 入库单据被审核或确认的具体时间   关键词: 确认时间,审核时间,入库时间   同义词: 审批时间,完成时间,确认日期   示例问题: 这张入库单是什么时候确认的？;查询今天确认的入库单   业务领域: 仓储管理 ",97e92bea-0e64-49f4-8698-40a94b1d0b37,NULL,NULL
405,5515,执行入库确认操作的人员姓名,"确认人,审核人,入库操作人","审批人,验收人,确认者",这张入库单是谁确认的？;统计各确认人处理的入库单数量,仓储管理,0.9500,AI,2026-08-12 09:26:47.8490777,"表: wms_storage_receipt   字段: affirm_name   字段说明: 确认人   业务含义: 执行入库确认操作的人员姓名   关键词: 确认人,审核人,入库操作人   同义词: 审批人,验收人,确认者   示例问题: 这张入库单是谁确认的？;统计各确认人处理的入库单数量   业务领域: 仓储管理 ",c12ee092-8371-4e97-b337-464187b4d5f9,NULL,NULL
406,5516,执行数据同步操作的人员姓名,"同步人,同步操作人,推送人","数据传输人,接口同步人",这张入库单的数据是谁同步的？;查询某同步人处理的入库记录,仓储管理,0.9000,AI,2026-08-12 09:26:47.8491964,"表: wms_storage_receipt   字段: syn_name   字段说明: 同步人   业务含义: 执行数据同步操作的人员姓名   关键词: 同步人,同步操作人,推送人   同义词: 数据传输人,接口同步人   示例问题: 这张入库单的数据是谁同步的？;查询某同步人处理的入库记录   业务领域: 仓储管理 ",582f378b-be2b-4cc7-8252-be67573f202a,NULL,NULL
407,5517,入库单据被冲销或红字冲回的时间,"冲销时间,红冲时间,撤销时间","冲回时间,作废时间,逆操作时间",这张入库单是什么时候被冲销的？;查询本月被冲销的入库单,仓储管理,0.9500,AI,2026-08-12 09:26:47.8493266,"表: wms_storage_receipt   字段: charge_time   字段说明: 冲销时间   业务含义: 入库单据被冲销或红字冲回的时间   关键词: 冲销时间,红冲时间,撤销时间   同义词: 冲回时间,作废时间,逆操作时间   示例问题: 这张入库单是什么时候被冲销的？;查询本月被冲销的入库单   业务领域: 仓储管理 ",a4f298f3-d489-4447-b55e-5210510fc14b,NULL,NULL
408,5518,执行入库单冲销操作的人员姓名,"冲销人,红冲操作人,撤销人","冲回人,作废操作人",这张入库单是谁冲销的？;统计各冲销人的操作次数,仓储管理,0.9500,AI,2026-08-12 09:26:47.8494527,"表: wms_storage_receipt   字段: charge_name   字段说明: 冲销人名称   业务含义: 执行入库单冲销操作的人员姓名   关键词: 冲销人,红冲操作人,撤销人   同义词: 冲回人,作废操作人   示例问题: 这张入库单是谁冲销的？;统计各冲销人的操作次数   业务领域: 仓储管理 ",69113bfe-4272-4703-bfa7-d419efeb9bff,NULL,NULL
409,5519,创建该入库单据的用户ID,"创建人ID,创建者ID,录入人ID","新建人ID,制单人ID,提交人ID",这张入库单是谁创建的？;查询某用户创建的入库单,系统管理,0.9500,AI,2026-08-12 09:26:47.8495731,"表: wms_storage_receipt   字段: create_by   字段说明: 创建人id   业务含义: 创建该入库单据的用户ID   关键词: 创建人ID,创建者ID,录入人ID   同义词: 新建人ID,制单人ID,提交人ID   示例问题: 这张入库单是谁创建的？;查询某用户创建的入库单   业务领域: 系统管理 ",812bfd3d-3d34-4ca7-889b-8d596ee53dcd,NULL,NULL
410,5520,创建该入库单据的用户姓名,"创建人,创建者,录入人","新建人,制单人,提交人姓名",这张入库单的创建人是谁？;统计各创建人提交的入库单数量,系统管理,0.9500,AI,2026-08-12 09:26:47.8496977,"表: wms_storage_receipt   字段: create_name   字段说明: 创建人名称   业务含义: 创建该入库单据的用户姓名   关键词: 创建人,创建者,录入人   同义词: 新建人,制单人,提交人姓名   示例问题: 这张入库单的创建人是谁？;统计各创建人提交的入库单数量   业务领域: 系统管理 ",67e24e08-0ea4-4100-b04a-d10bd06bcabd,NULL,NULL
411,5521,该入库单据的创建时间,"创建时间,录入时间,提交时间","新建时间,制单时间,生成时间",这张入库单是什么时候创建的？;查询今天创建的入库单,系统管理,0.9500,AI,2026-08-12 09:26:47.8498305,"表: wms_storage_receipt   字段: create_time   字段说明: 创建时间   业务含义: 该入库单据的创建时间   关键词: 创建时间,录入时间,提交时间   同义词: 新建时间,制单时间,生成时间   示例问题: 这张入库单是什么时候创建的？;查询今天创建的入库单   业务领域: 系统管理 ",2ff410ca-e6aa-4413-907a-8067d17b180b,NULL,NULL
412,5522,最后更新该入库单据的用户ID,"更新人ID,修改人ID,更新者ID","最后修改人ID,编辑人ID",这张入库单最后是谁更新的？;查询某用户更新过的入库单,系统管理,0.9500,AI,2026-08-12 09:26:47.8499520,"表: wms_storage_receipt   字段: update_by   字段说明: 更新人id   业务含义: 最后更新该入库单据的用户ID   关键词: 更新人ID,修改人ID,更新者ID   同义词: 最后修改人ID,编辑人ID   示例问题: 这张入库单最后是谁更新的？;查询某用户更新过的入库单   业务领域: 系统管理 ",95374466-ae47-46ce-9692-509fa9dee2a5,NULL,NULL
413,5523,最后更新该入库单据的用户姓名,"更新人,修改人,更新者","最后修改人,编辑人姓名",这张入库单最后的修改人是谁？;统计各更新人的修改次数,系统管理,0.9500,AI,2026-08-12 09:26:47.8500742,"表: wms_storage_receipt   字段: update_name   字段说明: 更新人名称   业务含义: 最后更新该入库单据的用户姓名   关键词: 更新人,修改人,更新者   同义词: 最后修改人,编辑人姓名   示例问题: 这张入库单最后的修改人是谁？;统计各更新人的修改次数   业务领域: 系统管理 ",ac66a781-3f9e-4773-86ce-3412a616083b,NULL,NULL
414,5524,该入库单据的最后更新时间,"更新时间,修改时间,最后更新时间","最后修改时间,编辑时间",这张入库单最后是什么时候更新的？;查询最近一周更新过的入库单,系统管理,0.9500,AI,2026-08-12 09:26:47.8502148,"表: wms_storage_receipt   字段: update_time   字段说明: 更新人时间   业务含义: 该入库单据的最后更新时间   关键词: 更新时间,修改时间,最后更新时间   同义词: 最后修改时间,编辑时间   示例问题: 这张入库单最后是什么时候更新的？;查询最近一周更新过的入库单   业务领域: 系统管理 ",e0fda5a8-eca3-45d2-8bb2-bef7980f137a,NULL,NULL
415,5525,入库单据的逻辑删除标识（0:未删除 1:已删除）,"删除标识,是否删除,逻辑删除","作废标识,删除状态,有效状态",这张入库单被删除了吗？;查询所有未删除的有效入库单,系统管理,0.9800,AI,2026-08-12 09:26:47.8503479,"表: wms_storage_receipt   字段: del_flag   字段说明: 是否删除标识：0否 1是   业务含义: 入库单据的逻辑删除标识（0:未删除 1:已删除）   关键词: 删除标识,是否删除,逻辑删除   同义词: 作废标识,删除状态,有效状态   示例问题: 这张入库单被删除了吗？;查询所有未删除的有效入库单   业务领域: 系统管理 ",de2bbc9a-a5a9-455b-a8b2-ff5f46bd4ef9,NULL,NULL
416,5526,入库单据的补充备注说明信息,"备注,说明,入库备注","备注信息,附加说明,描述",这张入库单的备注是什么？;查询带有备注说明的入库单,仓储管理,0.9500,AI,2026-08-12 09:26:47.8504724,"表: wms_storage_receipt   字段: note   字段说明: 备注   业务含义: 入库单据的补充备注说明信息   关键词: 备注,说明,入库备注   同义词: 备注信息,附加说明,描述   示例问题: 这张入库单的备注是什么？;查询带有备注说明的入库单   业务领域: 仓储管理 ",20f0cf91-f889-477f-9400-4539a588c2a2,NULL,NULL
417,5527,入库单据的来源业务类型（0:生产 1:采购地磅 2:采购入库）,"来源类型,单据来源,业务来源","来源分类,上游单据类型,源头类型",这张入库单来源于哪种业务？;统计各来源类型的入库单数量,仓储管理,0.9800,AI,2026-08-12 09:26:47.8506063,"表: wms_storage_receipt   字段: source_type   字段说明: 单据来源类型（0：生产 1：采购地磅 2采购入库）   业务含义: 入库单据的来源业务类型（0:生产 1:采购地磅 2:采购入库）   关键词: 来源类型,单据来源,业务来源   同义词: 来源分类,上游单据类型,源头类型   示例问题: 这张入库单来源于哪种业务？;统计各来源类型的入库单数量   业务领域: 仓储管理 ",75176a2d-3acc-40da-99b1-c28f7180f27e,NULL,NULL
418,5528,上游业务系统生成的来源单据编号,"来源单号,源头单号,上游单号","来源编码,原始单号,关联单号",这张入库单的来源单号是什么？;根据来源单号查询入库记录,仓储管理,0.9500,AI,2026-08-12 09:26:47.8507554,"表: wms_storage_receipt   字段: source_code   字段说明: 单据来源单号   业务含义: 上游业务系统生成的来源单据编号   关键词: 来源单号,源头单号,上游单号   同义词: 来源编码,原始单号,关联单号   示例问题: 这张入库单的来源单号是什么？;根据来源单号查询入库记录   业务领域: 仓储管理 ",f944dc4d-099f-4281-98be-3d397ea82214,NULL,NULL
419,5529,金蝶ERP系统中对应的收料通知单编码,"金蝶编码,ERP单号,收料通知单编码","金蝶单号,ERP收料单号,系统编码",对应的金蝶收料通知单编码是什么？;查询指定金蝶编码的入库单,仓储管理,0.9500,AI,2026-08-12 09:26:47.8508814,"表: wms_storage_receipt   字段: erp_receipt_code   字段说明: 金蝶收料通知单编码   业务含义: 金蝶ERP系统中对应的收料通知单编码   关键词: 金蝶编码,ERP单号,收料通知单编码   同义词: 金蝶单号,ERP收料单号,系统编码   示例问题: 对应的金蝶收料通知单编码是什么？;查询指定金蝶编码的入库单   业务领域: 仓储管理 ",99a01ebb-6560-4f3c-8115-2c52723e78a1,NULL,NULL
420,5530,金蝶ERP系统中对应的收料通知单主键ID,"金蝶ID,ERP主键,收料通知单ID","金蝶系统ID,ERP单据ID,外部系统ID",对应的金蝶收料通知单ID是多少？;根据金蝶ID关联查询入库数据,仓储管理,0.9500,AI,2026-08-12 09:26:47.8510115,"表: wms_storage_receipt   字段: erp_receipt_id   字段说明: 金蝶收料通知单id   业务含义: 金蝶ERP系统中对应的收料通知单主键ID   关键词: 金蝶ID,ERP主键,收料通知单ID   同义词: 金蝶系统ID,ERP单据ID,外部系统ID   示例问题: 对应的金蝶收料通知单ID是多少？;根据金蝶ID关联查询入库数据   业务领域: 仓储管理 ",b2f36ce9-75bc-4d73-be24-c3cf507582f2,NULL,NULL
421,5531,入库单的实际入库时间，记录物料进入仓库的具体时间。,"入库时间,入库,时间","进库时间,收货时间,入库日期",今天的入库单有哪些？上个月入库时间最晚的单子是什么？,仓储管理-入库管理,0.9800,AI,2026-08-12 09:26:47.8511284,"表: wms_storage_receipt   字段: come_time   字段说明: 入库时间   业务含义: 入库单的实际入库时间，记录物料进入仓库的具体时间。   关键词: 入库时间,入库,时间   同义词: 进库时间,收货时间,入库日期   示例问题: 今天的入库单有哪些？上个月入库时间最晚的单子是什么？   业务领域: 仓储管理-入库管理 ",a33491e7-999b-4f7b-afd2-43dcef7afdcb,NULL,NULL
422,5532,入库单关联的供应商代码，用于标识物料的提供方。,"供应商代码,供应商,编码","供应商编号,供货商代码,厂家代码",供应商代码为A001的入库单有多少？各个供应商的入库批次统计。,仓储管理-入库管理,0.9800,AI,2026-08-12 09:26:47.8512473,"表: wms_storage_receipt   字段: es_supplier_code   字段说明: 供应商代码   业务含义: 入库单关联的供应商代码，用于标识物料的提供方。   关键词: 供应商代码,供应商,编码   同义词: 供应商编号,供货商代码,厂家代码   示例问题: 供应商代码为A001的入库单有多少？各个供应商的入库批次统计。   业务领域: 仓储管理-入库管理 ",1a47b2ce-c9e4-482c-9ee2-ffb9a2bbfc31,NULL,NULL
423,5533,入库单明细表的主键ID，唯一标识一条入库明细记录。,"主键,ID,明细ID","明细主键,记录ID,入库明细ID",入库明细ID为100的记录详情是什么？,仓储管理-入库管理,0.9900,AI,2026-08-12 09:26:47.8513678,"表: wms_storage_receipt_info   字段: id   字段说明: 主键   业务含义: 入库单明细表的主键ID，唯一标识一条入库明细记录。   关键词: 主键,ID,明细ID   同义词: 明细主键,记录ID,入库明细ID   示例问题: 入库明细ID为100的记录详情是什么？   业务领域: 仓储管理-入库管理 ",3961adc6-e5d0-437f-b1fe-ae26e658b939,NULL,NULL
424,5534,入库单明细关联的入库单主表ID，用于关联入库单头信息。,"入库单ID,入库单,关联ID","入库单主键,入库单号ID,单据ID",入库单ID为200包含哪些明细？,仓储管理-入库管理,0.9800,AI,2026-08-12 09:26:47.8514935,"表: wms_storage_receipt_info   字段: storage_receipt_id   字段说明: 入库单id   业务含义: 入库单明细关联的入库单主表ID，用于关联入库单头信息。   关键词: 入库单ID,入库单,关联ID   同义词: 入库单主键,入库单号ID,单据ID   示例问题: 入库单ID为200包含哪些明细？   业务领域: 仓储管理-入库管理 ",b4250f99-7d04-47ec-9d3f-fdc63b5853c1,NULL,NULL
425,5535,入库明细中的物料ID，关联物料主数据。,"物料ID,物料,物料主键","物品ID,商品ID,货物ID",物料ID为300的入库数量是多少？,仓储管理-入库管理,0.9800,AI,2026-08-12 09:26:47.8516183,"表: wms_storage_receipt_info   字段: material_id   字段说明: 物料id   业务含义: 入库明细中的物料ID，关联物料主数据。   关键词: 物料ID,物料,物料主键   同义词: 物品ID,商品ID,货物ID   示例问题: 物料ID为300的入库数量是多少？   业务领域: 仓储管理-入库管理 ",adf3db1b-e10e-4c65-8c5b-9c8e30e0a9ef,NULL,NULL
426,5536,入库明细中的物料名称，展示物料的具体名称。,"物料名称,物料,名称","物品名称,商品名称,货物名称",物料名称包含“螺丝”的入库记录有哪些？,仓储管理-入库管理,0.9800,AI,2026-08-12 09:26:47.8517415,"表: wms_storage_receipt_info   字段: material_name   字段说明: 物料名称   业务含义: 入库明细中的物料名称，展示物料的具体名称。   关键词: 物料名称,物料,名称   同义词: 物品名称,商品名称,货物名称   示例问题: 物料名称包含“螺丝”的入库记录有哪些？   业务领域: 仓储管理-入库管理 ",d9cef8d7-5798-43d2-a5cb-5be9b23e9800,NULL,NULL
427,5537,入库明细中的物料编码，物料的唯一业务标识。,"物料编码,物料,编码","物料代码,物品编码,商品代码",物料编码为M001的入库批次有哪些？,仓储管理-入库管理,0.9800,AI,2026-08-12 09:26:47.8518679,"表: wms_storage_receipt_info   字段: material_code   字段说明: 物料编码   业务含义: 入库明细中的物料编码，物料的唯一业务标识。   关键词: 物料编码,物料,编码   同义词: 物料代码,物品编码,商品代码   示例问题: 物料编码为M001的入库批次有哪些？   业务领域: 仓储管理-入库管理 ",6dac23e8-ed00-4fa3-bbe2-d7fdb89075e3,NULL,NULL
428,5538,入库明细存放的货架ID，关联货架主数据。,"货架ID,货架,货位ID","储位ID,库位ID,货架主键",货架ID为50的入库明细有哪些？,仓储管理-入库管理,0.9500,AI,2026-08-12 09:26:47.8519873,"表: wms_storage_receipt_info   字段: shelf_id   字段说明: 货架id   业务含义: 入库明细存放的货架ID，关联货架主数据。   关键词: 货架ID,货架,货位ID   同义词: 储位ID,库位ID,货架主键   示例问题: 货架ID为50的入库明细有哪些？   业务领域: 仓储管理-入库管理 ",c36660f3-b7a4-463e-a144-27bb2eb54dc7,NULL,NULL
429,5539,入库明细存放的货架编码，用于业务识别货架位置。,"货架编码,货架,编码","储位编码,库位编码,货架代码",货架编码为S-01的入库数量汇总。,仓储管理-入库管理,0.9500,AI,2026-08-12 09:26:47.8521091,"表: wms_storage_receipt_info   字段: shelf_code   字段说明: 货架编码   业务含义: 入库明细存放的货架编码，用于业务识别货架位置。   关键词: 货架编码,货架,编码   同义词: 储位编码,库位编码,货架代码   示例问题: 货架编码为S-01的入库数量汇总。   业务领域: 仓储管理-入库管理 ",30aba6f1-a5ab-4043-85a4-035a1f3e3d4b,NULL,NULL
430,5540,入库明细存放的货架名称，直观展示货架位置名称。,"货架名称,货架,名称","储位名称,库位名称,货架名",货架名称为“A区1号”的入库记录。,仓储管理-入库管理,0.9500,AI,2026-08-12 09:26:47.8522297,"表: wms_storage_receipt_info   字段: shelf_name   字段说明: 货架名称   业务含义: 入库明细存放的货架名称，直观展示货架位置名称。   关键词: 货架名称,货架,名称   同义词: 储位名称,库位名称,货架名   示例问题: 货架名称为“A区1号”的入库记录。   业务领域: 仓储管理-入库管理 ",32507d2f-c3b9-440f-a74d-17c254f330f7,NULL,NULL
431,5541,入库明细的实际入库数量。,"数量,入库数量,入库","入库数,收货数量,进库数量",今天各物料的入库数量是多少？入库数量大于100的明细。,仓储管理-入库管理,0.9900,AI,2026-08-12 09:26:47.8523431,"表: wms_storage_receipt_info   字段: quantity   字段说明: 数量   业务含义: 入库明细的实际入库数量。   关键词: 数量,入库数量,入库   同义词: 入库数,收货数量,进库数量   示例问题: 今天各物料的入库数量是多少？入库数量大于100的明细。   业务领域: 仓储管理-入库管理 ",f508bf96-6557-4cf8-9e81-24f06012b0dd,NULL,NULL
432,5542,入库明细的计量单位ID，关联单位字典。,"单位,计量单位,单位ID","计量单位ID,单位主键,度量单位",单位为“件”的入库明细有哪些？,仓储管理-入库管理,0.9500,AI,2026-08-12 09:26:47.8524661,"表: wms_storage_receipt_info   字段: unit   字段说明: 单位   业务含义: 入库明细的计量单位ID，关联单位字典。   关键词: 单位,计量单位,单位ID   同义词: 计量单位ID,单位主键,度量单位   示例问题: 单位为“件”的入库明细有哪些？   业务领域: 仓储管理-入库管理 ",459b895d-8859-4239-a51c-d3d131c5941b,NULL,NULL
433,5543,入库物料的生产批次号，用于批次追溯和效期管理。,"批次,批次号,生产批次","批号,生产批号,入库批次",批次号为B202310的入库记录有哪些？各批次的入库数量统计。,仓储管理-入库管理,0.9800,AI,2026-08-12 09:26:47.8525829,"表: wms_storage_receipt_info   字段: batch   字段说明: 批次   业务含义: 入库物料的生产批次号，用于批次追溯和效期管理。   关键词: 批次,批次号,生产批次   同义词: 批号,生产批号,入库批次   示例问题: 批次号为B202310的入库记录有哪些？各批次的入库数量统计。   业务领域: 仓储管理-入库管理 ",d9055274-258a-4258-92f1-1cbc73890dc5,NULL,NULL
434,5544,入库物料的外包装箱号，用于箱级追溯。,"箱号,包装箱号,箱","纸箱号,外箱号,包装编号",箱号为C100的入库明细详情。,仓储管理-入库管理,0.9500,AI,2026-08-12 09:26:47.8527229,"表: wms_storage_receipt_info   字段: case_no   字段说明: 箱号   业务含义: 入库物料的外包装箱号，用于箱级追溯。   关键词: 箱号,包装箱号,箱   同义词: 纸箱号,外箱号,包装编号   示例问题: 箱号为C100的入库明细详情。   业务领域: 仓储管理-入库管理 ",08ce1d52-6f9c-4fff-82ff-cac19dd1bfa0,NULL,NULL
435,5545,入库物料的关联箱号，通常用于拼箱或子母箱关联。,"关联箱号,关联,箱号","母箱号,关联包装号,拼箱号",关联箱号为A-C01的入库记录。,仓储管理-入库管理,0.9000,AI,2026-08-12 09:26:47.8528544,"表: wms_storage_receipt_info   字段: associated_no   字段说明: 关联箱号   业务含义: 入库物料的关联箱号，通常用于拼箱或子母箱关联。   关键词: 关联箱号,关联,箱号   同义词: 母箱号,关联包装号,拼箱号   示例问题: 关联箱号为A-C01的入库记录。   业务领域: 仓储管理-入库管理 ",3aa5ead0-057b-4b6a-95c4-76f4410947da,NULL,NULL
436,5546,入库物料的有效期至时间，用于效期预警和先进先出管理。,"有效期,有效期至,失效时间","过期时间,保质期至,有效期限",下个月过期的入库物料有哪些？有效期在2024年之后的入库明细。,仓储管理-入库管理,0.9800,AI,2026-08-12 09:26:47.8530010,"表: wms_storage_receipt_info   字段: valid_time   字段说明: 有效期截至时间   业务含义: 入库物料的有效期至时间，用于效期预警和先进先出管理。   关键词: 有效期,有效期至,失效时间   同义词: 过期时间,保质期至,有效期限   示例问题: 下个月过期的入库物料有哪些？有效期在2024年之后的入库明细。   业务领域: 仓储管理-入库管理 ",75205ebe-4cb8-45f8-8478-d91dfa7fcb90,NULL,NULL
437,5547,入库明细记录的创建人ID。,"创建人ID,创建人,用户ID","制单人ID,录入人ID,创建者ID",创建人ID为10的入库明细有哪些？,仓储管理-入库管理,0.9500,AI,2026-08-12 09:26:47.8531373,"表: wms_storage_receipt_info   字段: create_by   字段说明: 创建人id   业务含义: 入库明细记录的创建人ID。   关键词: 创建人ID,创建人,用户ID   同义词: 制单人ID,录入人ID,创建者ID   示例问题: 创建人ID为10的入库明细有哪些？   业务领域: 仓储管理-入库管理 ",dab14487-3fba-47f6-97ba-df4f27584694,NULL,NULL
438,5548,入库明细记录的创建人名称。,"创建人名称,创建人,姓名","制单人姓名,录入人名称,创建者姓名",张三创建的入库明细有哪些？,仓储管理-入库管理,0.9500,AI,2026-08-12 09:26:47.8532602,"表: wms_storage_receipt_info   字段: create_name   字段说明: 创建人名称   业务含义: 入库明细记录的创建人名称。   关键词: 创建人名称,创建人,姓名   同义词: 制单人姓名,录入人名称,创建者姓名   示例问题: 张三创建的入库明细有哪些？   业务领域: 仓储管理-入库管理 ",86c7e562-bfa2-47cb-965b-7f8f989a6a37,NULL,NULL
439,5549,入库明细记录的创建时间。,"创建时间,录入时间,制单时间","新增时间,记录创建时间,生成时间",今天创建的入库明细有哪些？,仓储管理-入库管理,0.9500,AI,2026-08-12 09:26:47.8533851,"表: wms_storage_receipt_info   字段: create_time   字段说明: 创建时间   业务含义: 入库明细记录的创建时间。   关键词: 创建时间,录入时间,制单时间   同义词: 新增时间,记录创建时间,生成时间   示例问题: 今天创建的入库明细有哪些？   业务领域: 仓储管理-入库管理 ",fadd55e8-f728-41a2-9104-78ca4b7de1a8,NULL,NULL
440,5550,入库明细记录的最后更新人ID。,"更新人ID,修改人ID,更新人","最后修改人ID,更新者ID,编辑人ID",更新人ID为20修改过的入库明细。,仓储管理-入库管理,0.9500,AI,2026-08-12 09:26:47.8535208,"表: wms_storage_receipt_info   字段: update_by   字段说明: 更新人id   业务含义: 入库明细记录的最后更新人ID。   关键词: 更新人ID,修改人ID,更新人   同义词: 最后修改人ID,更新者ID,编辑人ID   示例问题: 更新人ID为20修改过的入库明细。   业务领域: 仓储管理-入库管理 ",6e1a58f2-5361-41d9-b4be-e1443de009e0,NULL,NULL
441,5551,入库明细记录的最后更新人名称。,"更新人名称,修改人名称,更新人","最后修改人姓名,更新者姓名,编辑人姓名",李四最后修改的入库明细有哪些？,仓储管理-入库管理,0.9500,AI,2026-08-12 09:26:47.8536458,"表: wms_storage_receipt_info   字段: update_name   字段说明: 更新人名称   业务含义: 入库明细记录的最后更新人名称。   关键词: 更新人名称,修改人名称,更新人   同义词: 最后修改人姓名,更新者姓名,编辑人姓名   示例问题: 李四最后修改的入库明细有哪些？   业务领域: 仓储管理-入库管理 ",81bbbb78-b102-48a1-9a3b-a856c1cde8ad,NULL,NULL
442,5552,入库明细记录的最后更新时间。,"更新时间,修改时间,最后更新时间","最后修改时间,编辑时间,变更时间",最近一周更新过的入库明细有哪些？,仓储管理-入库管理,0.9500,AI,2026-08-12 09:26:47.8537680,"表: wms_storage_receipt_info   字段: update_time   字段说明: 更新人时间   业务含义: 入库明细记录的最后更新时间。   关键词: 更新时间,修改时间,最后更新时间   同义词: 最后修改时间,编辑时间,变更时间   示例问题: 最近一周更新过的入库明细有哪些？   业务领域: 仓储管理-入库管理 ",878f459a-c7a5-40c3-848d-570c2865d3a3,NULL,NULL
443,5553,入库明细记录的逻辑删除标识，0表示未删除，1表示已删除。,"删除标识,是否删除,逻辑删除","删除标志,作废标识,状态标识",未删除的入库明细有多少条？,仓储管理-入库管理,0.9800,AI,2026-08-12 09:26:47.8539017,"表: wms_storage_receipt_info   字段: del_flag   字段说明: 是否删除标识：0否 1是   业务含义: 入库明细记录的逻辑删除标识，0表示未删除，1表示已删除。   关键词: 删除标识,是否删除,逻辑删除   同义词: 删除标志,作废标识,状态标识   示例问题: 未删除的入库明细有多少条？   业务领域: 仓储管理-入库管理 ",1adc9ef7-bcb8-4bf1-9611-800246731497,NULL,NULL
444,5554,入库明细关联的金蝶ERP系统通知单行号，用于WMS与ERP的数据对账。,"金蝶通知单行号,ERP行号,金蝶","ERP单据行号,金蝶行ID,系统行号",金蝶通知单行号为L01的入库明细。,仓储管理-入库管理,0.9000,AI,2026-08-12 09:26:47.8540248,"表: wms_storage_receipt_info   字段: erp_line_id   字段说明: 金蝶通知单行号   业务含义: 入库明细关联的金蝶ERP系统通知单行号，用于WMS与ERP的数据对账。   关键词: 金蝶通知单行号,ERP行号,金蝶   同义词: ERP单据行号,金蝶行ID,系统行号   示例问题: 金蝶通知单行号为L01的入库明细。   业务领域: 仓储管理-入库管理 ",05b0f5c3-926c-4f9c-bcd5-f78763669341,NULL,NULL
445,5555,入库物料对应的生产线名称，用于标识物料的生产来源或去向。,"产线名称,生产线,产线","生产线名称,车间名称,制造线名称",产线名称为“装配一线”的入库明细有哪些？,仓储管理-入库管理,0.9500,AI,2026-08-12 09:26:47.8541458,"表: wms_storage_receipt_info   字段: production_line_name   字段说明: 产线名称   业务含义: 入库物料对应的生产线名称，用于标识物料的生产来源或去向。   关键词: 产线名称,生产线,产线   同义词: 生产线名称,车间名称,制造线名称   示例问题: 产线名称为“装配一线”的入库明细有哪些？   业务领域: 仓储管理-入库管理 ",0c3c50c2-db28-410d-8c18-722f4f91422a,NULL,NULL
446,5556,测试库存表的主键ID。,"主键,ID,测试库存ID","记录ID,主键ID",测试库存ID为1的记录。,仓储管理-库存管理,0.9900,AI,2026-08-12 09:26:47.8542764,"表: wms_test_inventory   字段: id   字段说明: 主键   业务含义: 测试库存表的主键ID。   关键词: 主键,ID,测试库存ID   同义词: 记录ID,主键ID   示例问题: 测试库存ID为1的记录。   业务领域: 仓储管理-库存管理 ",aa2382ae-a62e-4be7-b4d9-0f532511d8ff,NULL,NULL
447,5557,测试库存的具体数值，通常表示库存数量或金额。,"值,库存值,数值","库存数量,库存数值,金额",测试库存值大于1000的记录有哪些？,仓储管理-库存管理,0.9000,AI,2026-08-12 09:26:47.8544049,"表: wms_test_inventory   字段: value   字段说明: 值   业务含义: 测试库存的具体数值，通常表示库存数量或金额。   关键词: 值,库存值,数值   同义词: 库存数量,库存数值,金额   示例问题: 测试库存值大于1000的记录有哪些？   业务领域: 仓储管理-库存管理 ",7136f073-fdb9-4327-ad8e-022e3b128f34,NULL,NULL
448,5558,测试库存的数据类型标识，区分实时总库存、特定仓库库存或特定时间点的快照库存。,"类型,库存类型,数据类型","分类,数据类别,快照类型",类型为实时库存的测试数据有哪些？445仓库的实时库存是多少？,仓储管理-库存管理,0.9500,AI,2026-08-12 09:26:47.8545261,"表: wms_test_inventory   字段: type   字段说明: 类型 0：当前所有数据（实时库存） 1：445仓库当前数据（实时库存） 2：更新时间8点之前数据 3：更新时间8点之前 445 仓库数据   业务含义: 测试库存的数据类型标识，区分实时总库存、特定仓库库存或特定时间点的快照库存。   关键词: 类型,库存类型,数据类型   同义词: 分类,数据类别,快照类型   示例问题: 类型为实时库存的测试数据有哪些？445仓库的实时库存是多少？   业务领域: 仓储管理-库存管理 ",365353f6-549e-41f6-860b-382c3717bad4,NULL,NULL
449,5559,测试库存记录的创建或快照生成时间。,"创建时间,生成时间,快照时间","记录时间,新增时间",今天生成的测试库存快照有哪些？,仓储管理-库存管理,0.9500,AI,2026-08-12 09:26:47.8546622,"表: wms_test_inventory   字段: create_time   字段说明: 创建时间   业务含义: 测试库存记录的创建或快照生成时间。   关键词: 创建时间,生成时间,快照时间   同义词: 记录时间,新增时间   示例问题: 今天生成的测试库存快照有哪些？   业务领域: 仓储管理-库存管理 ",c8baf651-1b5a-4e2c-af20-3a1b88a0e68f,NULL,NULL
450,5560,调拨单主表的主键ID，唯一标识一张调拨单。,"主键,ID,调拨单ID","调拨单主键,单据ID",调拨单ID为500的单据详情。,仓储管理-调拨管理,0.9900,AI,2026-08-12 09:26:47.8548210,"表: wms_transfer_slip   字段: id   字段说明: 主键   业务含义: 调拨单主表的主键ID，唯一标识一张调拨单。   关键词: 主键,ID,调拨单ID   同义词: 调拨单主键,单据ID   示例问题: 调拨单ID为500的单据详情。   业务领域: 仓储管理-调拨管理 ",43ae86d1-5d87-400b-ae78-4f5a79435643,NULL,NULL
451,5561,调拨单的业务编码，用于业务流转和单据识别。,"调拨单编码,调拨单号,编码","调拨单号,单据编号,调拨代码",调拨单号为T20231001的单据状态是什么？,仓储管理-调拨管理,0.9800,AI,2026-08-12 09:26:47.8549514,"表: wms_transfer_slip   字段: code   字段说明: 调拨单编码   业务含义: 调拨单的业务编码，用于业务流转和单据识别。   关键词: 调拨单编码,调拨单号,编码   同义词: 调拨单号,单据编号,调拨代码   示例问题: 调拨单号为T20231001的单据状态是什么？   业务领域: 仓储管理-调拨管理 ",276e570d-9d19-4537-9b23-7a449974f10d,NULL,NULL
452,5562,调拨单的发件仓库ID，标识物料调出的源仓库。,"来源仓库,调出仓库,源仓库","发件仓库,出库仓库,调出方",来源仓库为1号仓的调拨单有哪些？,仓储管理-调拨管理,0.9800,AI,2026-08-12 09:26:47.8550761,"表: wms_transfer_slip   字段: source_warehouse   字段说明: 来源仓库   业务含义: 调拨单的发件仓库ID，标识物料调出的源仓库。   关键词: 来源仓库,调出仓库,源仓库   同义词: 发件仓库,出库仓库,调出方   示例问题: 来源仓库为1号仓的调拨单有哪些？   业务领域: 仓储管理-调拨管理 ",958bf868-2dd7-44af-bdb3-24fe1eea7b91,NULL,NULL
453,5563,调拨单的收件仓库ID，标识物料调入的目标仓库。,"目标仓库,调入仓库,目的仓库","收件仓库,入库仓库,调入方",目标仓库为2号仓的调拨单有哪些？,仓储管理-调拨管理,0.9800,AI,2026-08-12 09:26:47.8552335,"表: wms_transfer_slip   字段: target_warehouse   字段说明: 目标仓库   业务含义: 调拨单的收件仓库ID，标识物料调入的目标仓库。   关键词: 目标仓库,调入仓库,目的仓库   同义词: 收件仓库,入库仓库,调入方   示例问题: 目标仓库为2号仓的调拨单有哪些？   业务领域: 仓储管理-调拨管理 ",98d11b8d-dcd0-49ba-9e35-66214a600f9a,NULL,NULL
454,5564,调拨单的业务类型，如仓间调拨、线边调拨等。,"类型,调拨类型,业务类型","单据类型,调拨分类",类型为仓间调拨的单据有多少？,仓储管理-调拨管理,0.9500,AI,2026-08-12 09:26:47.8553672,"表: wms_transfer_slip   字段: type   字段说明: 类型   业务含义: 调拨单的业务类型，如仓间调拨、线边调拨等。   关键词: 类型,调拨类型,业务类型   同义词: 单据类型,调拨分类   示例问题: 类型为仓间调拨的单据有多少？   业务领域: 仓储管理-调拨管理 ",e0d6d085-11f6-4944-b6e6-89a41d83447b,NULL,NULL
455,5565,调拨单的当前流转状态，如待确认、已确认、已完成等。,"状态,单据状态,调拨状态","当前状态,流转状态,业务状态",状态为已完成的调拨单有哪些？未确认的调拨单有多少？,仓储管理-调拨管理,0.9800,AI,2026-08-12 09:26:47.8554999,"表: wms_transfer_slip   字段: status   字段说明: 状态   业务含义: 调拨单的当前流转状态，如待确认、已确认、已完成等。   关键词: 状态,单据状态,调拨状态   同义词: 当前状态,流转状态,业务状态   示例问题: 状态为已完成的调拨单有哪些？未确认的调拨单有多少？   业务领域: 仓储管理-调拨管理 ",04a213e1-0391-4a70-b2b3-9fa5d3f54ad7,NULL,NULL
456,5566,调拨单的数据同步人名称，通常指将单据同步至ERP等外部系统的操作人。,"同步人名称,同步人,操作人","同步操作人,接口同步人",王五同步的调拨单有哪些？,仓储管理-调拨管理,0.9000,AI,2026-08-12 09:26:47.8556372,"表: wms_transfer_slip   字段: syn_name   字段说明: 同步人名称   业务含义: 调拨单的数据同步人名称，通常指将单据同步至ERP等外部系统的操作人。   关键词: 同步人名称,同步人,操作人   同义词: 同步操作人,接口同步人   示例问题: 王五同步的调拨单有哪些？   业务领域: 仓储管理-调拨管理 ",4100532b-71f2-4d83-907d-af968cc50193,NULL,NULL
457,5567,调拨单的备注信息，记录特殊说明或业务背景。,"备注,说明,备注信息","备注说明,单据备注,附加说明",备注中包含“紧急”的调拨单有哪些？,仓储管理-调拨管理,0.9500,AI,2026-08-12 09:26:47.8557587,"表: wms_transfer_slip   字段: note   字段说明: 备注   业务含义: 调拨单的备注信息，记录特殊说明或业务背景。   关键词: 备注,说明,备注信息   同义词: 备注说明,单据备注,附加说明   示例问题: 备注中包含“紧急”的调拨单有哪些？   业务领域: 仓储管理-调拨管理 ",ac2f1917-5710-4f90-beb8-65943d42a1d1,NULL,NULL
458,5568,调拨单的确认人ID，标识对调拨业务进行复核确认的用户。,"确认人,确认人ID,复核人","审核人ID,审批人ID,确认者ID",确认人ID为30的调拨单有哪些？,仓储管理-调拨管理,0.9500,AI,2026-08-12 09:26:47.8558796,"表: wms_transfer_slip   字段: affirm_by   字段说明: 确认人   业务含义: 调拨单的确认人ID，标识对调拨业务进行复核确认的用户。   关键词: 确认人,确认人ID,复核人   同义词: 审核人ID,审批人ID,确认者ID   示例问题: 确认人ID为30的调拨单有哪些？   业务领域: 仓储管理-调拨管理 ",3c9771d6-873f-44be-848e-b7a28449b860,NULL,NULL
459,5569,调拨单的确认时间，记录业务复核完成的具体时间。,"确认时间,复核时间,审核时间","审批时间,确认完成时间",今天确认的调拨单有哪些？,仓储管理-调拨管理,0.9800,AI,2026-08-12 09:26:47.8560103,"表: wms_transfer_slip   字段: affirm_time   字段说明: 确认时间   业务含义: 调拨单的确认时间，记录业务复核完成的具体时间。   关键词: 确认时间,复核时间,审核时间   同义词: 审批时间,确认完成时间   示例问题: 今天确认的调拨单有哪些？   业务领域: 仓储管理-调拨管理 ",d1e70d03-401f-467b-9a68-b0b721a95543,NULL,NULL
460,5570,调拨单的确认人名称，直观展示复核人员的姓名。,"确认人名称,确认人,复核人姓名","审核人姓名,审批人名称",赵六确认的调拨单有多少张？,仓储管理-调拨管理,0.9500,AI,2026-08-12 09:26:47.8561357,"表: wms_transfer_slip   字段: affirm_name   字段说明: 确认人名称   业务含义: 调拨单的确认人名称，直观展示复核人员的姓名。   关键词: 确认人名称,确认人,复核人姓名   同义词: 审核人姓名,审批人名称   示例问题: 赵六确认的调拨单有多少张？   业务领域: 仓储管理-调拨管理 ",3ecea041-7144-44dd-9aed-94045a60bc2d,NULL,NULL
461,5571,调拨单的创建人ID。,"创建人ID,制单人ID,创建人","录入人ID,新建人ID",创建人ID为40建立的调拨单。,仓储管理-调拨管理,0.9500,AI,2026-08-12 09:26:47.8562650,"表: wms_transfer_slip   字段: create_by   字段说明: 创建人id   业务含义: 调拨单的创建人ID。   关键词: 创建人ID,制单人ID,创建人   同义词: 录入人ID,新建人ID   示例问题: 创建人ID为40建立的调拨单。   业务领域: 仓储管理-调拨管理 ",7815299f-e5d3-4e7e-919e-70cc34053e7a,NULL,NULL
462,5572,调拨单的创建人名称。,"创建人名称,制单人姓名,创建人","录入人名称,新建人姓名",孙七创建的调拨单有哪些？,仓储管理-调拨管理,0.9500,AI,2026-08-12 09:26:47.8563921,"表: wms_transfer_slip   字段: create_name   字段说明: 创建人名称   业务含义: 调拨单的创建人名称。   关键词: 创建人名称,制单人姓名,创建人   同义词: 录入人名称,新建人姓名   示例问题: 孙七创建的调拨单有哪些？   业务领域: 仓储管理-调拨管理 ",7ff67a30-d153-49ef-993f-ba0fa5b8192e,NULL,NULL
463,5573,调拨单的创建时间。,"创建时间,制单时间,录入时间","新建时间,单据生成时间",本月创建的调拨单统计。,仓储管理-调拨管理,0.9500,AI,2026-08-12 09:26:47.8565291,"表: wms_transfer_slip   字段: create_time   字段说明: 创建时间   业务含义: 调拨单的创建时间。   关键词: 创建时间,制单时间,录入时间   同义词: 新建时间,单据生成时间   示例问题: 本月创建的调拨单统计。   业务领域: 仓储管理-调拨管理 ",2513a04e-1baa-4da4-b920-8029d9bbe9bd,NULL,NULL
464,5574,调拨单的最后更新人ID。,"更新人ID,修改人ID,更新人","最后修改人ID,编辑人ID",更新人ID为50修改过的调拨单。,仓储管理-调拨管理,0.9500,AI,2026-08-12 09:26:47.8567008,"表: wms_transfer_slip   字段: update_by   字段说明: 更新人id   业务含义: 调拨单的最后更新人ID。   关键词: 更新人ID,修改人ID,更新人   同义词: 最后修改人ID,编辑人ID   示例问题: 更新人ID为50修改过的调拨单。   业务领域: 仓储管理-调拨管理 ",1cf81e7e-a582-4d3e-b2d2-7133417d911e,NULL,NULL
465,5575,调拨单的最后更新人名称。,"更新人名称,修改人名称,更新人","最后修改人姓名,编辑人姓名",周八最后修改的调拨单。,仓储管理-调拨管理,0.9500,AI,2026-08-12 09:26:47.8568684,"表: wms_transfer_slip   字段: update_name   字段说明: 更新人名称   业务含义: 调拨单的最后更新人名称。   关键词: 更新人名称,修改人名称,更新人   同义词: 最后修改人姓名,编辑人姓名   示例问题: 周八最后修改的调拨单。   业务领域: 仓储管理-调拨管理 ",e59716cb-3ed2-4a86-8cdd-723cd7be6395,NULL,NULL
466,5576,调拨单的最后更新时间。,"更新时间,修改时间,最后更新时间","最后修改时间,编辑时间",最近三天更新过的调拨单。,仓储管理-调拨管理,0.9500,AI,2026-08-12 09:26:47.8570149,"表: wms_transfer_slip   字段: update_time   字段说明: 更新人时间   业务含义: 调拨单的最后更新时间。   关键词: 更新时间,修改时间,最后更新时间   同义词: 最后修改时间,编辑时间   示例问题: 最近三天更新过的调拨单。   业务领域: 仓储管理-调拨管理 ",2d8d98e4-77cd-4cea-a3c9-7caa87c578b5,NULL,NULL
467,5577,调拨单的逻辑删除标识，0表示未删除，1表示已删除。,"删除标识,是否删除,逻辑删除","删除标志,作废标识",未删除的调拨单有多少张？,仓储管理-调拨管理,0.9800,AI,2026-08-12 09:26:47.8571526,"表: wms_transfer_slip   字段: del_flag   字段说明: 是否删除标识：0否 1是   业务含义: 调拨单的逻辑删除标识，0表示未删除，1表示已删除。   关键词: 删除标识,是否删除,逻辑删除   同义词: 删除标志,作废标识   示例问题: 未删除的调拨单有多少张？   业务领域: 仓储管理-调拨管理 ",f819fc7e-ec9f-4663-bf2a-53f298c57361,NULL,NULL
468,5578,调拨单明细表的主键ID，唯一标识一条调拨明细。,"主键,ID,调拨明细ID","明细主键,记录ID",调拨明细ID为600的记录。,仓储管理-调拨管理,0.9900,AI,2026-08-12 09:26:47.8572776,"表: wms_transfer_slip_info   字段: id   字段说明: 主键   业务含义: 调拨单明细表的主键ID，唯一标识一条调拨明细。   关键词: 主键,ID,调拨明细ID   同义词: 明细主键,记录ID   示例问题: 调拨明细ID为600的记录。   业务领域: 仓储管理-调拨管理 ",4e55a58e-1222-4123-8b92-860eda53ac99,NULL,NULL
469,5579,调拨单明细关联的调拨单主表ID，用于关联调拨单头信息。,"调拨单ID,调拨单,关联ID","调拨单主键,单据ID",调拨单ID为700包含哪些明细？,仓储管理-调拨管理,0.9800,AI,2026-08-12 09:26:47.8574295,"表: wms_transfer_slip_info   字段: transfer_slip_id   字段说明: 调拨单id   业务含义: 调拨单明细关联的调拨单主表ID，用于关联调拨单头信息。   关键词: 调拨单ID,调拨单,关联ID   同义词: 调拨单主键,单据ID   示例问题: 调拨单ID为700包含哪些明细？   业务领域: 仓储管理-调拨管理 ",0c5a8a9d-a12d-4da2-9a0f-de0b3bab01dc,NULL,NULL
470,5580,调拨单明细的来源货架或库存ID，标识物料调出的具体储位或库存记录。,"来源货架ID,来源库存ID,调出货架","源储位ID,发件货架ID,调出库存ID",来源货架ID为80的调拨明细有哪些？,仓储管理-调拨管理,0.9500,AI,2026-08-12 09:26:47.8575768,"表: wms_transfer_slip_info   字段: source_inventory_id   字段说明: 来源货架id   业务含义: 调拨单明细的来源货架或库存ID，标识物料调出的具体储位或库存记录。   关键词: 来源货架ID,来源库存ID,调出货架   同义词: 源储位ID,发件货架ID,调出库存ID   示例问题: 来源货架ID为80的调拨明细有哪些？   业务领域: 仓储管理-调拨管理 ",7757a8bb-ce33-4119-8991-694f6dd66cb2,NULL,NULL
471,5581,移库单或调拨单中物料移出的原始货架ID,"来源货架,源货架,移出货架","原货架,起始货架,发出货架","物料是从哪个货架移出的？,来源货架ID是多少？",仓储管理,0.9500,AI,2026-08-12 09:26:47.8577344,"表: wms_transfer_slip_info   字段: source_shelf   字段说明: 来源货架   业务含义: 移库单或调拨单中物料移出的原始货架ID   关键词: 来源货架,源货架,移出货架   同义词: 原货架,起始货架,发出货架   示例问题: 物料是从哪个货架移出的？,来源货架ID是多少？   业务领域: 仓储管理 ",4add71aa-7c49-42c2-a67c-804168621473,NULL,NULL
472,5582,移库单或调拨单中物料移出的原始货架唯一编码,"来源货架编码,源货架编码","原货架编码,起始货架代码","来源货架的编码是什么？,移出货架的代码是多少？",仓储管理,0.9500,AI,2026-08-12 09:26:47.8578866,"表: wms_transfer_slip_info   字段: source_shelf_code   字段说明: 来源货架编码   业务含义: 移库单或调拨单中物料移出的原始货架唯一编码   关键词: 来源货架编码,源货架编码   同义词: 原货架编码,起始货架代码   示例问题: 来源货架的编码是什么？,移出货架的代码是多少？   业务领域: 仓储管理 ",37f0739e-c470-42a9-81f5-5627f224473d,NULL,NULL
473,5583,移库单或调拨单中物料移出的原始货架显示名称,"来源货架名称,源货架名称","原货架名称,起始货架名字","来源货架叫什么名字？,物料是从哪个名称的货架移出的？",仓储管理,0.9500,AI,2026-08-12 09:26:47.8580182,"表: wms_transfer_slip_info   字段: source_shelf_name   字段说明: 来源货架名称   业务含义: 移库单或调拨单中物料移出的原始货架显示名称   关键词: 来源货架名称,源货架名称   同义词: 原货架名称,起始货架名字   示例问题: 来源货架叫什么名字？,物料是从哪个名称的货架移出的？   业务领域: 仓储管理 ",2d75f526-a40a-4f3b-8dd8-2c0703648829,NULL,NULL
474,5584,移库单或调拨单中物料移入的目的货架ID,"目标货架,目的货架,移入货架","目标货位,接收货架,目的货位","物料移到了哪个货架？,目标货架ID是多少？",仓储管理,0.9500,AI,2026-08-12 09:26:47.8581438,"表: wms_transfer_slip_info   字段: target_shelf   字段说明: 目标货架   业务含义: 移库单或调拨单中物料移入的目的货架ID   关键词: 目标货架,目的货架,移入货架   同义词: 目标货位,接收货架,目的货位   示例问题: 物料移到了哪个货架？,目标货架ID是多少？   业务领域: 仓储管理 ",f8c7058f-db26-4bd9-8ab6-ac613d165294,NULL,NULL
475,5585,移库单或调拨单中物料移入的目的货架唯一编码,"目标货架编码,目的货架编码","接收货架编码,目标货位代码","目标货架的编码是什么？,移入货架的代码是多少？",仓储管理,0.9500,AI,2026-08-12 09:26:47.8582794,"表: wms_transfer_slip_info   字段: target_shelf_code   字段说明: 目标货架编码   业务含义: 移库单或调拨单中物料移入的目的货架唯一编码   关键词: 目标货架编码,目的货架编码   同义词: 接收货架编码,目标货位代码   示例问题: 目标货架的编码是什么？,移入货架的代码是多少？   业务领域: 仓储管理 ",345e92eb-3584-4d82-b294-e643acd06133,NULL,NULL
476,5586,移库单或调拨单中物料移入的目的货架显示名称,"目标货架名称,目的货架名称","接收货架名称,目标货位名字","目标货架叫什么名字？,物料移到了哪个名称的货架？",仓储管理,0.9500,AI,2026-08-12 09:26:47.8584071,"表: wms_transfer_slip_info   字段: target_shelf_name   字段说明: 目标货架名称   业务含义: 移库单或调拨单中物料移入的目的货架显示名称   关键词: 目标货架名称,目的货架名称   同义词: 接收货架名称,目标货位名字   示例问题: 目标货架叫什么名字？,物料移到了哪个名称的货架？   业务领域: 仓储管理 ",7c33732a-25ef-4499-82e4-b4408ab7c39e,NULL,NULL
477,5587,移库单中涉及转移的物料的唯一标识ID,"物料id,物料标识,物品id","商品id,货物id,物料编号","转移的物料ID是多少？,这批货物的物料标识是什么？",仓储管理,0.9500,AI,2026-08-12 09:26:47.8585298,"表: wms_transfer_slip_info   字段: material_id   字段说明: 物料id   业务含义: 移库单中涉及转移的物料的唯一标识ID   关键词: 物料id,物料标识,物品id   同义词: 商品id,货物id,物料编号   示例问题: 转移的物料ID是多少？,这批货物的物料标识是什么？   业务领域: 仓储管理 ",e3c4265b-8059-4a1f-8268-b47d74ad6545,NULL,NULL
478,5588,移库单中涉及转移的物料的具体名称,"物料名称,物品名称,商品名称","货物名称,品名,物料名字","转移的物料叫什么名字？,这批货物的品名是什么？",仓储管理,0.9500,AI,2026-08-12 09:26:47.8586652,"表: wms_transfer_slip_info   字段: material_name   字段说明: 物料名称   业务含义: 移库单中涉及转移的物料的具体名称   关键词: 物料名称,物品名称,商品名称   同义词: 货物名称,品名,物料名字   示例问题: 转移的物料叫什么名字？,这批货物的品名是什么？   业务领域: 仓储管理 ",6d873c8a-e4e7-415b-9234-bb083b40933b,NULL,NULL
479,5589,移库单中涉及转移的物料的唯一业务编码,"物料编码,物品编码,商品编码","货物代码,物料代码,SKU编码","转移的物料编码是什么？,这批货物的代码是多少？",仓储管理,0.9500,AI,2026-08-12 09:26:47.8588260,"表: wms_transfer_slip_info   字段: material_code   字段说明: 物料编码   业务含义: 移库单中涉及转移的物料的唯一业务编码   关键词: 物料编码,物品编码,商品编码   同义词: 货物代码,物料代码,SKU编码   示例问题: 转移的物料编码是什么？,这批货物的代码是多少？   业务领域: 仓储管理 ",1742104b-8317-4591-92ad-846a05d7f0f4,NULL,NULL
480,5590,移库单中物料实际转移的数量,"数量,转移数量,移库数量","移库量,调拨数量,件数","这次移库的数量是多少？,转移了多少件物料？",仓储管理,0.9500,AI,2026-08-12 09:26:47.8589571,"表: wms_transfer_slip_info   字段: quantity   字段说明: 数量   业务含义: 移库单中物料实际转移的数量   关键词: 数量,转移数量,移库数量   同义词: 移库量,调拨数量,件数   示例问题: 这次移库的数量是多少？,转移了多少件物料？   业务领域: 仓储管理 ",64efaeb9-334d-43d2-b083-1ae348e16661,NULL,NULL
481,5591,移库单中物料转移数量的计量单位ID,"单位,计量单位,单位id","度量单位,计价单位,包装单位","物料转移的计量单位是什么？,数量的单位ID是多少？",仓储管理,0.9500,AI,2026-08-12 09:26:47.8590979,"表: wms_transfer_slip_info   字段: unit   字段说明: 单位   业务含义: 移库单中物料转移数量的计量单位ID   关键词: 单位,计量单位,单位id   同义词: 度量单位,计价单位,包装单位   示例问题: 物料转移的计量单位是什么？,数量的单位ID是多少？   业务领域: 仓储管理 ",a59cc46e-29af-4678-b022-39238d118a93,NULL,NULL
482,5592,移库单关联的上游或下游业务单据编号,"关联单据,关联单号,相关单据","来源单号,关联业务单,上游单号","这个移库单关联了哪个单据？,相关的业务单号是多少？",仓储管理,0.9500,AI,2026-08-12 09:26:47.8592382,"表: wms_transfer_slip_info   字段: associated_no   字段说明: 关联单据   业务含义: 移库单关联的上游或下游业务单据编号   关键词: 关联单据,关联单号,相关单据   同义词: 来源单号,关联业务单,上游单号   示例问题: 这个移库单关联了哪个单据？,相关的业务单号是多少？   业务领域: 仓储管理 ",4a538552-53a2-4a67-aa3d-63cbf697103a,NULL,NULL
483,5593,移库单中物料所属的生产或采购批次号,"批次,批次号,生产批次","批号,物料批次,进货批次","转移的物料属于哪个批次？,这批货物的批号是什么？",仓储管理,0.9500,AI,2026-08-12 09:26:47.8593623,"表: wms_transfer_slip_info   字段: batch   字段说明: 批次   业务含义: 移库单中物料所属的生产或采购批次号   关键词: 批次,批次号,生产批次   同义词: 批号,物料批次,进货批次   示例问题: 转移的物料属于哪个批次？,这批货物的批号是什么？   业务领域: 仓储管理 ",ef49996f-7ad9-42ff-a905-b99becd10f96,NULL,NULL
484,5594,移库单中物料所在的原始包装箱编号,"箱号,包装箱号,纸箱号","箱码,外箱编号,包装编号","物料所在的箱号是多少？,转移的是哪个包装箱？",仓储管理,0.9500,AI,2026-08-12 09:26:47.8594833,"表: wms_transfer_slip_info   字段: case_no   字段说明: 箱号   业务含义: 移库单中物料所在的原始包装箱编号   关键词: 箱号,包装箱号,纸箱号   同义词: 箱码,外箱编号,包装编号   示例问题: 物料所在的箱号是多少？,转移的是哪个包装箱？   业务领域: 仓储管理 ",1bf296f9-38e7-4630-a351-29731667fd9f,NULL,NULL
485,5595,移库单中物料移入的目标包装箱编号,"目标箱号,目的箱号,移入箱号","接收箱号,新箱号,目标包装箱","物料移到了哪个箱子里？,目标箱号是多少？",仓储管理,0.9500,AI,2026-08-12 09:26:47.8596179,"表: wms_transfer_slip_info   字段: target_case_no   字段说明: 目标箱号   业务含义: 移库单中物料移入的目标包装箱编号   关键词: 目标箱号,目的箱号,移入箱号   同义词: 接收箱号,新箱号,目标包装箱   示例问题: 物料移到了哪个箱子里？,目标箱号是多少？   业务领域: 仓储管理 ",81785234-870e-44f8-b752-1e23bc021f7c,NULL,NULL
486,5596,创建该移库单记录的系统用户ID,"创建人id,创建者id,制单人id","提交人id,录入人id,发起人id","谁创建了这个移库单？,创建人的用户ID是多少？",系统管理,0.9500,AI,2026-08-12 09:26:47.8597500,"表: wms_transfer_slip_info   字段: create_by   字段说明: 创建人id   业务含义: 创建该移库单记录的系统用户ID   关键词: 创建人id,创建者id,制单人id   同义词: 提交人id,录入人id,发起人id   示例问题: 谁创建了这个移库单？,创建人的用户ID是多少？   业务领域: 系统管理 ",c57896e9-6d8b-474d-9549-5656d87bf910,NULL,NULL
487,5597,创建该移库单记录的系统用户姓名,"创建人名称,创建者姓名,制单人姓名","提交人姓名,录入人名字,发起人名称","这个移库单是谁创建的？,制单人的名字是什么？",系统管理,0.9500,AI,2026-08-12 09:26:47.8598711,"表: wms_transfer_slip_info   字段: create_name   字段说明: 创建人名称   业务含义: 创建该移库单记录的系统用户姓名   关键词: 创建人名称,创建者姓名,制单人姓名   同义词: 提交人姓名,录入人名字,发起人名称   示例问题: 这个移库单是谁创建的？,制单人的名字是什么？   业务领域: 系统管理 ",9e70de6d-38c7-4313-b76c-17dbf782b72e,NULL,NULL
488,5598,该移库单记录在系统中创建的具体时间,"创建时间,制单时间,提交时间","录入时间,发起时间,新建时间","这个移库单是什么时候创建的？,制单时间是几号？",系统管理,0.9500,AI,2026-08-12 09:26:47.8599989,"表: wms_transfer_slip_info   字段: create_time   字段说明: 创建时间   业务含义: 该移库单记录在系统中创建的具体时间   关键词: 创建时间,制单时间,提交时间   同义词: 录入时间,发起时间,新建时间   示例问题: 这个移库单是什么时候创建的？,制单时间是几号？   业务领域: 系统管理 ",3194f0e9-335c-4b20-866c-010aa648ec73,NULL,NULL
489,5599,最后一次修改该移库单记录的系统用户ID,"更新人id,修改人id,更新者id","最后修改人id,编辑人id,变更人id","谁最后修改了这个移库单？,更新人的用户ID是多少？",系统管理,0.9500,AI,2026-08-12 09:26:47.8601309,"表: wms_transfer_slip_info   字段: update_by   字段说明: 更新人id   业务含义: 最后一次修改该移库单记录的系统用户ID   关键词: 更新人id,修改人id,更新者id   同义词: 最后修改人id,编辑人id,变更人id   示例问题: 谁最后修改了这个移库单？,更新人的用户ID是多少？   业务领域: 系统管理 ",a447654d-7034-41cb-8095-8742092b7ad3,NULL,NULL
490,5600,最后一次修改该移库单记录的系统用户姓名,"更新人名称,修改人姓名,更新者姓名","最后修改人姓名,编辑人名字,变更人名称","这个移库单最后是谁修改的？,修改人的名字是什么？",系统管理,0.9500,AI,2026-08-12 09:26:47.8602525,"表: wms_transfer_slip_info   字段: update_name   字段说明: 更新人名称   业务含义: 最后一次修改该移库单记录的系统用户姓名   关键词: 更新人名称,修改人姓名,更新者姓名   同义词: 最后修改人姓名,编辑人名字,变更人名称   示例问题: 这个移库单最后是谁修改的？,修改人的名字是什么？   业务领域: 系统管理 ",fa930162-7027-4489-92aa-fdb6bba7325c,NULL,NULL
491,5601,该移库单记录在系统中最后一次被修改的时间,"更新时间,修改时间,变更时间","最后修改时间,编辑时间,更新时间","这个移库单最后是什么时候修改的？,更新时间是几点？",系统管理,0.9500,AI,2026-08-12 09:26:47.8603764,"表: wms_transfer_slip_info   字段: update_time   字段说明: 更新人时间   业务含义: 该移库单记录在系统中最后一次被修改的时间   关键词: 更新时间,修改时间,变更时间   同义词: 最后修改时间,编辑时间,更新时间   示例问题: 这个移库单最后是什么时候修改的？,更新时间是几点？   业务领域: 系统管理 ",8afa900e-2843-4d39-80cf-d394bb356d6c,NULL,NULL
492,5602,标识该移库单记录是否已被逻辑删除（0表示正常，1表示已删除）,"删除标识,是否删除,逻辑删除","废弃标识,删除状态,有效状态","这个移库单被删除了吗？,删除标识的状态是什么？",系统管理,0.9500,AI,2026-08-12 09:26:47.8605128,"表: wms_transfer_slip_info   字段: del_flag   字段说明: 是否删除标识：0否 1是   业务含义: 标识该移库单记录是否已被逻辑删除（0表示正常，1表示已删除）   关键词: 删除标识,是否删除,逻辑删除   同义词: 废弃标识,删除状态,有效状态   示例问题: 这个移库单被删除了吗？,删除标识的状态是什么？   业务领域: 系统管理 ",8451aed8-5e7d-49d4-8807-2204b2aa1f19,NULL,NULL
493,5603,仓库物料分配配置表的主键唯一标识,"主键,配置id,分配id","唯一标识,记录id,主键id","物料分配配置的主键ID是多少？,这条分配记录的唯一标识是什么？",仓储管理,0.9500,AI,2026-08-12 09:26:47.8606462,"表: wms_warehouse_material_allocation   字段: id   字段说明: 主键   业务含义: 仓库物料分配配置表的主键唯一标识   关键词: 主键,配置id,分配id   同义词: 唯一标识,记录id,主键id   示例问题: 物料分配配置的主键ID是多少？,这条分配记录的唯一标识是什么？   业务领域: 仓储管理 ",9a915f3a-0819-47b6-8973-cea65e494f9d,NULL,NULL
494,5604,仓库物料分配配置中关联的物料唯一标识ID,"物料id,物料标识,物品id","商品id,货物id,物料编号","配置的物料ID是多少？,这个分配规则针对哪个物料？",仓储管理,0.9500,AI,2026-08-12 09:26:47.8609181,"表: wms_warehouse_material_allocation   字段: material_id   字段说明: 物料id   业务含义: 仓库物料分配配置中关联的物料唯一标识ID   关键词: 物料id,物料标识,物品id   同义词: 商品id,货物id,物料编号   示例问题: 配置的物料ID是多少？,这个分配规则针对哪个物料？   业务领域: 仓储管理 ",0aa8082b-f6e1-4606-9471-23c1b017e4f3,NULL,NULL
495,5605,仓库物料分配配置中关联的物料唯一业务编码,"物料编码,物品编码,商品编码","货物代码,物料代码,SKU编码","配置的物料编码是什么？,这个分配规则针对哪个物料代码？",仓储管理,0.9500,AI,2026-08-12 09:26:47.8611394,"表: wms_warehouse_material_allocation   字段: material_code   字段说明: 物料编码   业务含义: 仓库物料分配配置中关联的物料唯一业务编码   关键词: 物料编码,物品编码,商品编码   同义词: 货物代码,物料代码,SKU编码   示例问题: 配置的物料编码是什么？,这个分配规则针对哪个物料代码？   业务领域: 仓储管理 ",824415e9-538f-410a-8fd1-c44832519176,NULL,NULL
496,5606,仓库物料分配配置中关联的物料具体名称,"物料名称,物品名称,商品名称","货物名称,品名,物料名字","配置的物料叫什么名字？,这个分配规则针对哪个品名？",仓储管理,0.9500,AI,2026-08-12 09:26:47.8613504,"表: wms_warehouse_material_allocation   字段: material_name   字段说明: 物料名称   业务含义: 仓库物料分配配置中关联的物料具体名称   关键词: 物料名称,物品名称,商品名称   同义词: 货物名称,品名,物料名字   示例问题: 配置的物料叫什么名字？,这个分配规则针对哪个品名？   业务领域: 仓储管理 ",3874e2c8-4fe3-4a06-a374-bbb030089acd,NULL,NULL
497,5607,仓库物料分配配置中设定的该物料最低安全库存数量,"安全库存,最低库存,保底库存","安全库存量,预警库存,库存下限","这个物料的安全库存是多少？,库存低于多少会触发预警？",库存管理,0.9500,AI,2026-08-12 09:26:47.8615145,"表: wms_warehouse_material_allocation   字段: safe_inventory   字段说明: 安全库存   业务含义: 仓库物料分配配置中设定的该物料最低安全库存数量   关键词: 安全库存,最低库存,保底库存   同义词: 安全库存量,预警库存,库存下限   示例问题: 这个物料的安全库存是多少？,库存低于多少会触发预警？   业务领域: 库存管理 ",95764727-35cc-4ede-9cac-1dd7304c7b0e,NULL,NULL
498,5608,仓库物料分配配置中设定的每次补货或送货的标准批次数量,"批次送货量,单次送货量,补货批量","每次送货数量,批次补货量,标准送货量","每次送货的数量是多少？,批次补货量设定为多少？",库存管理,0.9500,AI,2026-08-12 09:26:47.8617450,"表: wms_warehouse_material_allocation   字段: batch_delivery_quantity   字段说明: 批次送货量   业务含义: 仓库物料分配配置中设定的每次补货或送货的标准批次数量   关键词: 批次送货量,单次送货量,补货批量   同义词: 每次送货数量,批次补货量,标准送货量   示例问题: 每次送货的数量是多少？,批次补货量设定为多少？   业务领域: 库存管理 ",dc45101a-0b4c-48db-b105-91d9df841db1,NULL,NULL
499,5609,仓库物料分配配置中设定的两次送货之间的时间间隔数值,"送货周期,补货周期,配送周期","送货间隔,补货频率,配送频率","这个物料的送货周期是多久？,每隔多长时间送一次货？",库存管理,0.9500,AI,2026-08-12 09:26:47.8620587,"表: wms_warehouse_material_allocation   字段: delivery_period   字段说明: 送货周期   业务含义: 仓库物料分配配置中设定的两次送货之间的时间间隔数值   关键词: 送货周期,补货周期,配送周期   同义词: 送货间隔,补货频率,配送频率   示例问题: 这个物料的送货周期是多久？,每隔多长时间送一次货？   业务领域: 库存管理 ",148ecab7-513b-42b8-b4cb-5298eddcd4c4,NULL,NULL
500,5610,仓库物料分配配置中送货周期时间间隔的计量单位,"送货周期单位,周期单位,时间单位","补货周期单位,配送间隔单位,时间维度","送货周期的单位是什么？,补货间隔是按天还是按小时算？",库存管理,0.9500,AI,2026-08-12 09:26:47.8622874,"表: wms_warehouse_material_allocation   字段: delivery_period_unit   字段说明: 送货周期单位   业务含义: 仓库物料分配配置中送货周期时间间隔的计量单位   关键词: 送货周期单位,周期单位,时间单位   同义词: 补货周期单位,配送间隔单位,时间维度   示例问题: 送货周期的单位是什么？,补货间隔是按天还是按小时算？   业务领域: 库存管理 ",dab18bf8-ba73-4746-8277-ef418b1d7bed,NULL,NULL
501,5611,创建该物料分配配置记录的系统用户ID,"创建人id,创建者id,配置人id","提交人id,录入人id,发起人id","谁创建了这个物料分配配置？,创建人的用户ID是多少？",系统管理,0.9500,AI,2026-08-12 09:26:47.8625060,"表: wms_warehouse_material_allocation   字段: create_by   字段说明: 创建人id   业务含义: 创建该物料分配配置记录的系统用户ID   关键词: 创建人id,创建者id,配置人id   同义词: 提交人id,录入人id,发起人id   示例问题: 谁创建了这个物料分配配置？,创建人的用户ID是多少？   业务领域: 系统管理 ",986848c7-8715-48dd-96ff-4441120330f5,NULL,NULL
502,5612,创建该物料分配配置记录的系统用户姓名,"创建人名称,创建者姓名,配置人姓名","提交人姓名,录入人名字,发起人名称","这个物料分配配置是谁创建的？,配置人的名字是什么？",系统管理,0.9500,AI,2026-08-12 09:26:47.8627572,"表: wms_warehouse_material_allocation   字段: create_name   字段说明: 创建人名称   业务含义: 创建该物料分配配置记录的系统用户姓名   关键词: 创建人名称,创建者姓名,配置人姓名   同义词: 提交人姓名,录入人名字,发起人名称   示例问题: 这个物料分配配置是谁创建的？,配置人的名字是什么？   业务领域: 系统管理 ",bb71de26-6318-4aa0-98ff-ab4ad36c835c,NULL,NULL
503,5613,该物料分配配置记录在系统中创建的具体时间,"创建时间,配置时间,提交时间","录入时间,发起时间,新建时间","这个物料分配配置是什么时候创建的？,配置时间是几号？",系统管理,0.9500,AI,2026-08-12 09:26:47.8629832,"表: wms_warehouse_material_allocation   字段: create_time   字段说明: 创建时间   业务含义: 该物料分配配置记录在系统中创建的具体时间   关键词: 创建时间,配置时间,提交时间   同义词: 录入时间,发起时间,新建时间   示例问题: 这个物料分配配置是什么时候创建的？,配置时间是几号？   业务领域: 系统管理 ",f763f2c8-9a2e-460f-8b44-d5dd33a3d09a,NULL,NULL
504,5614,最后一次修改该物料分配配置记录的系统用户ID,"更新人id,修改人id,更新者id","最后修改人id,编辑人id,变更人id","谁最后修改了这个物料分配配置？,更新人的用户ID是多少？",系统管理,0.9500,AI,2026-08-12 09:26:47.8632042,"表: wms_warehouse_material_allocation   字段: update_by   字段说明: 更新人id   业务含义: 最后一次修改该物料分配配置记录的系统用户ID   关键词: 更新人id,修改人id,更新者id   同义词: 最后修改人id,编辑人id,变更人id   示例问题: 谁最后修改了这个物料分配配置？,更新人的用户ID是多少？   业务领域: 系统管理 ",28f66b7a-4b85-4c17-bb9c-1f819bec0f6b,NULL,NULL
505,5615,最后一次修改该物料分配配置记录的系统用户姓名,"更新人名称,修改人姓名,更新者姓名","最后修改人姓名,编辑人名字,变更人名称","这个物料分配配置最后是谁修改的？,修改人的名字是什么？",系统管理,0.9500,AI,2026-08-12 09:26:47.8634064,"表: wms_warehouse_material_allocation   字段: update_name   字段说明: 更新人名称   业务含义: 最后一次修改该物料分配配置记录的系统用户姓名   关键词: 更新人名称,修改人姓名,更新者姓名   同义词: 最后修改人姓名,编辑人名字,变更人名称   示例问题: 这个物料分配配置最后是谁修改的？,修改人的名字是什么？   业务领域: 系统管理 ",d1b276a3-b75a-4cbd-be34-66069522b02f,NULL,NULL
506,5616,该物料分配配置记录在系统中最后一次被修改的时间,"更新时间,修改时间,变更时间","最后修改时间,编辑时间,更新时间","这个物料分配配置最后是什么时候修改的？,更新时间是几点？",系统管理,0.9500,AI,2026-08-12 09:26:47.8636196,"表: wms_warehouse_material_allocation   字段: update_time   字段说明: 更新人时间   业务含义: 该物料分配配置记录在系统中最后一次被修改的时间   关键词: 更新时间,修改时间,变更时间   同义词: 最后修改时间,编辑时间,更新时间   示例问题: 这个物料分配配置最后是什么时候修改的？,更新时间是几点？   业务领域: 系统管理 ",cbcbf29c-b5e0-45aa-b301-e1fc1b5f1e8c,NULL,NULL
507,5617,标识该物料分配配置记录是否已被逻辑删除（0表示正常，1表示已删除）,"删除标识,是否删除,逻辑删除","废弃标识,删除状态,有效状态","这个物料分配配置被删除了吗？,删除标识的状态是什么？",系统管理,0.9500,AI,2026-08-12 09:26:47.8638345,"表: wms_warehouse_material_allocation   字段: del_flag   字段说明: 是否删除标识：0否 1是   业务含义: 标识该物料分配配置记录是否已被逻辑删除（0表示正常，1表示已删除）   关键词: 删除标识,是否删除,逻辑删除   同义词: 废弃标识,删除状态,有效状态   示例问题: 这个物料分配配置被删除了吗？,删除标识的状态是什么？   业务领域: 系统管理 ",3fdd05ae-8e65-454a-9f86-9862870364e7,NULL,NULL
508,5618,仓库物料分配配置记录的补充说明或备注信息,"备注,说明,补充信息","描述,注释,附加说明","这个物料分配配置有什么备注说明？,备注信息写了什么？",仓储管理,0.9500,AI,2026-08-12 09:26:47.8640460,"表: wms_warehouse_material_allocation   字段: note   字段说明: 备注   业务含义: 仓库物料分配配置记录的补充说明或备注信息   关键词: 备注,说明,补充信息   同义词: 描述,注释,附加说明   示例问题: 这个物料分配配置有什么备注说明？,备注信息写了什么？   业务领域: 仓储管理 ",a2afc40c-4e60-4051-aee9-b1a816b1fead,NULL,NULL
509,5619,地磅称重信息记录表的主键唯一标识,"主键,称重id,地磅记录id","唯一标识,记录id,主键id","地磅称重记录的主键ID是多少？,这条称重记录的唯一标识是什么？",仓储管理,0.9500,AI,2026-08-12 09:26:47.8641827,"表: wms_weighbridge_info   字段: id   字段说明: 主键   业务含义: 地磅称重信息记录表的主键唯一标识   关键词: 主键,称重id,地磅记录id   同义词: 唯一标识,记录id,主键id   示例问题: 地磅称重记录的主键ID是多少？,这条称重记录的唯一标识是什么？   业务领域: 仓储管理 ",a07987fd-1afa-4f28-9b2a-b1fc32d9a9c8,NULL,NULL
510,5620,地磅称重信息中关联的过磅物料唯一标识ID,"物料id,物料标识,物品id","商品id,货物id,物料编号","过磅的物料ID是多少？,这次称重针对哪个物料？",仓储管理,0.9500,AI,2026-08-12 09:26:47.8643136,"表: wms_weighbridge_info   字段: material_id   字段说明: 物料id   业务含义: 地磅称重信息中关联的过磅物料唯一标识ID   关键词: 物料id,物料标识,物品id   同义词: 商品id,货物id,物料编号   示例问题: 过磅的物料ID是多少？,这次称重针对哪个物料？   业务领域: 仓储管理 ",e48ca710-2154-46d4-a458-c3901156655b,NULL,NULL
511,5621,地磅称重信息中关联的过磅物料具体名称,"物料名称,物品名称,商品名称","货物名称,品名,物料名字","过磅的物料叫什么名字？,这次称重的品名是什么？",仓储管理,0.9500,AI,2026-08-12 09:26:47.8644481,"表: wms_weighbridge_info   字段: material_name   字段说明: 物料名称   业务含义: 地磅称重信息中关联的过磅物料具体名称   关键词: 物料名称,物品名称,商品名称   同义词: 货物名称,品名,物料名字   示例问题: 过磅的物料叫什么名字？,这次称重的品名是什么？   业务领域: 仓储管理 ",30124fd1-879b-4a0e-85bf-222cbeafae41,NULL,NULL
512,5622,地磅称重信息中关联的过磅物料唯一业务编码,"物料编码,物品编码,商品编码","货物代码,物料代码,SKU编码","过磅的物料编码是什么？,这次称重针对哪个物料代码？",仓储管理,0.9500,AI,2026-08-12 09:26:47.8645684,"表: wms_weighbridge_info   字段: material_code   字段说明: 物料编码   业务含义: 地磅称重信息中关联的过磅物料唯一业务编码   关键词: 物料编码,物品编码,商品编码   同义词: 货物代码,物料代码,SKU编码   示例问题: 过磅的物料编码是什么？,这次称重针对哪个物料代码？   业务领域: 仓储管理 ",572e8f0e-b573-44e7-b8c5-a2d158497180,NULL,NULL
513,5623,地磅称重业务关联的过磅流程单或业务流转单号,"流程单号,业务单号,流转单号","过磅单号,流程编码,作业单号","这次称重的流程单号是多少？,关联的过磅单号是什么？",仓储管理,0.9500,AI,2026-08-12 09:26:47.8647155,"表: wms_weighbridge_info   字段: flow_code   字段说明: 流程单号   业务含义: 地磅称重业务关联的过磅流程单或业务流转单号   关键词: 流程单号,业务单号,流转单号   同义词: 过磅单号,流程编码,作业单号   示例问题: 这次称重的流程单号是多少？,关联的过磅单号是什么？   业务领域: 仓储管理 ",d299ae8a-9618-4be4-a67a-f6772750e40b,NULL,NULL
514,5624,地磅称重时过磅车辆的牌照号码,"车牌号,车牌,车辆牌号","牌照号,车牌号码,汽车牌号","过磅的车牌号是多少？,是哪辆车在进行称重？",物流管理,0.9500,AI,2026-08-12 09:26:47.8648463,"表: wms_weighbridge_info   字段: license_plate   字段说明: 车牌号   业务含义: 地磅称重时过磅车辆的牌照号码   关键词: 车牌号,车牌,车辆牌号   同义词: 牌照号,车牌号码,汽车牌号   示例问题: 过磅的车牌号是多少？,是哪辆车在进行称重？   业务领域: 物流管理 ",e52ec6a6-4e47-474c-841e-f40da7103a32,NULL,NULL
515,5625,地磅称重时过磅车辆的驾驶员姓名,"司机名称,司机姓名,驾驶员姓名","司机名字,驾驶员名称,开车人姓名","过磅车辆的司机叫什么名字？,驾驶员是谁？",物流管理,0.9500,AI,2026-08-12 09:26:47.8649818,"表: wms_weighbridge_info   字段: driver_name   字段说明: 司机名称   业务含义: 地磅称重时过磅车辆的驾驶员姓名   关键词: 司机名称,司机姓名,驾驶员姓名   同义词: 司机名字,驾驶员名称,开车人姓名   示例问题: 过磅车辆的司机叫什么名字？,驾驶员是谁？   业务领域: 物流管理 ",621d2e89-48db-4527-9856-fe8ad56b00c4,NULL,NULL
516,5626,地磅称重时过磅车辆驾驶员的联系电话,"联系方式,司机电话,驾驶员电话","联系电话,手机号,联系号码","过磅司机的联系电话是多少？,驾驶员的联系方式是什么？",物流管理,0.9500,AI,2026-08-12 09:26:47.8651135,"表: wms_weighbridge_info   字段: driver_phone   字段说明: 联系方式   业务含义: 地磅称重时过磅车辆驾驶员的联系电话   关键词: 联系方式,司机电话,驾驶员电话   同义词: 联系电话,手机号,联系号码   示例问题: 过磅司机的联系电话是多少？,驾驶员的联系方式是什么？   业务领域: 物流管理 ",e31f28e8-485e-405c-bf43-6af437144418,NULL,NULL
517,5627,地磅称重业务关联的供应商或承运商的唯一标识ID,"供应商id,供应商标识,公司id","供货商id,vendor id,供应商编号","关联的供应商ID是多少？,这批货属于哪个供应商？",采购管理,0.9500,AI,2026-08-12 09:26:47.8652442,"表: wms_weighbridge_info   字段: company_id   字段说明: 供应商id   业务含义: 地磅称重业务关联的供应商或承运商的唯一标识ID   关键词: 供应商id,供应商标识,公司id   同义词: 供货商id,vendor id,供应商编号   示例问题: 关联的供应商ID是多少？,这批货属于哪个供应商？   业务领域: 采购管理 ",c41dc60f-0835-4b55-b295-3e47304600c6,NULL,NULL
518,5628,地磅称重业务关联的供应商或承运商的具体名称,"供应商名称,供货商名称,公司名称","供应商名字,vendor name,供货方名称","关联的供应商叫什么名字？,这批货的供货商是谁？",采购管理,0.9500,AI,2026-08-12 09:26:47.8653638,"表: wms_weighbridge_info   字段: company_name   字段说明: 供应商名称   业务含义: 地磅称重业务关联的供应商或承运商的具体名称   关键词: 供应商名称,供货商名称,公司名称   同义词: 供应商名字,vendor name,供货方名称   示例问题: 关联的供应商叫什么名字？,这批货的供货商是谁？   业务领域: 采购管理 ",1ca4fce7-1c9e-4b01-9802-f3da3706456c,NULL,NULL
519,5629,地磅称重时车辆与所载物料的总重量,"毛重,总重量,车货总重","gross weight,连车带货重量,过磅总重","过磅时的毛重是多少？,车加货的总重量是多少？",仓储管理,0.9500,AI,2026-08-12 09:26:47.8654827,"表: wms_weighbridge_info   字段: gross_weight   字段说明: 毛重   业务含义: 地磅称重时车辆与所载物料的总重量   关键词: 毛重,总重量,车货总重   同义词: gross weight,连车带货重量,过磅总重   示例问题: 过磅时的毛重是多少？,车加货的总重量是多少？   业务领域: 仓储管理 ",2a2fca44-c4d4-4e9a-95df-67a1511a2c33,NULL,NULL
520,5630,地磅称重时卸货后空车的重量,"皮重,空车重量,车重","tare weight,车辆自重,空车过磅重量","过磅时的皮重是多少？,空车的重量是多少？",仓储管理,0.9500,AI,2026-08-12 09:26:47.8656077,"表: wms_weighbridge_info   字段: tare_weight   字段说明: 皮重   业务含义: 地磅称重时卸货后空车的重量   关键词: 皮重,空车重量,车重   同义词: tare weight,车辆自重,空车过磅重量   示例问题: 过磅时的皮重是多少？,空车的重量是多少？   业务领域: 仓储管理 ",13d34277-81f8-4b4f-947a-585445d87044,NULL,NULL
521,5631,地磅称重过程中扣除的额外重量（如包装、杂质、水分等），用于计算实际净重。,"扣重,扣除重量,减重","扣除重量,减扣重量,扣减重量",今天的平均扣重是多少？哪些车辆的扣重超过了标准？,仓储物流/地磅称重,0.9500,AI,2026-08-12 09:26:47.8657293,"表: wms_weighbridge_info   字段: deduct_weight   字段说明: 扣重   业务含义: 地磅称重过程中扣除的额外重量（如包装、杂质、水分等），用于计算实际净重。   关键词: 扣重,扣除重量,减重   同义词: 扣除重量,减扣重量,扣减重量   示例问题: 今天的平均扣重是多少？哪些车辆的扣重超过了标准？   业务领域: 仓储物流/地磅称重 ",7f686dbe-6544-4356-b91a-f630406aed7b,NULL,NULL
522,5632,货物去除包装、车辆皮重及扣重后的实际重量，是计算运费和库存入库量的核心指标。,"净重,实际重量,货物重量","实际重量,纯重,货物净重",本月入库货物的总净重是多少？净重最大的前十辆车是哪些？,仓储物流/地磅称重,0.9500,AI,2026-08-12 09:26:47.8658507,"表: wms_weighbridge_info   字段: net_weight   字段说明: 净重   业务含义: 货物去除包装、车辆皮重及扣重后的实际重量，是计算运费和库存入库量的核心指标。   关键词: 净重,实际重量,货物重量   同义词: 实际重量,纯重,货物净重   示例问题: 本月入库货物的总净重是多少？净重最大的前十辆车是哪些？   业务领域: 仓储物流/地磅称重 ",e445e86e-7de1-42d6-a46b-508e85b3b6ee,NULL,NULL
523,5633,地磅称重流程全部结束并确认数据的时间点。,"完成时间,结束时间,称重完成时间","结束时间,完工时间,过磅完成时间",昨天有多少车次在下午6点后完成称重？平均每次称重完成需要多长时间？,仓储物流/地磅称重,0.9500,AI,2026-08-12 09:26:47.8659708,"表: wms_weighbridge_info   字段: finish_time   字段说明: 完成时间   业务含义: 地磅称重流程全部结束并确认数据的时间点。   关键词: 完成时间,结束时间,称重完成时间   同义词: 结束时间,完工时间,过磅完成时间   示例问题: 昨天有多少车次在下午6点后完成称重？平均每次称重完成需要多长时间？   业务领域: 仓储物流/地磅称重 ",893fdbd0-3d60-4706-ac1d-0fc9eef793a7,NULL,NULL
524,5634,地磅称重记录在系统中初始创建的时间。,"创建时间,记录时间,录入时间","录入时间,新建时间,登记时间",今天新增了多少条地磅称重记录？按创建时间统计每月的称重单量。,仓储物流/地磅称重,0.9500,AI,2026-08-12 09:26:47.8660971,"表: wms_weighbridge_info   字段: create_time   字段说明: 创建时间   业务含义: 地磅称重记录在系统中初始创建的时间。   关键词: 创建时间,记录时间,录入时间   同义词: 录入时间,新建时间,登记时间   示例问题: 今天新增了多少条地磅称重记录？按创建时间统计每月的称重单量。   业务领域: 仓储物流/地磅称重 ",ad6eaaa6-1e2f-4e97-ad63-bb0a6a8dc50a,NULL,NULL
525,5635,标识该地磅称重记录是否已经自动或手动触发生成了对应的入库单据（0表示未生成，1表示已生成）。,"是否生成入库单,入库单状态,生成标识","入库单生成状态,是否转入库单,入库单关联状态",有多少称重记录还没有生成入库单？未生成入库单的称重记录有哪些？,仓储物流/地磅称重,0.9500,AI,2026-08-12 09:26:47.8662342,"表: wms_weighbridge_info   字段: is_generate_list   字段说明: 是否生成入库单：0否 1是   业务含义: 标识该地磅称重记录是否已经自动或手动触发生成了对应的入库单据（0表示未生成，1表示已生成）。   关键词: 是否生成入库单,入库单状态,生成标识   同义词: 入库单生成状态,是否转入库单,入库单关联状态   示例问题: 有多少称重记录还没有生成入库单？未生成入库单的称重记录有哪些？   业务领域: 仓储物流/地磅称重 ",1a2c38b1-4b54-4a5d-8b81-aedfc5b2e0fd,NULL,NULL
526,5636,地磅称重后生成的对应入库单据的唯一编号，用于关联仓储入库业务。,"入库单号,入库单编号,单据号","入库单据号,入库凭证号,入库单编码",入库单号为RK20231001的称重净重是多少？查询特定入库单号对应的地磅记录。,仓储物流/入库管理,0.9500,AI,2026-08-12 09:26:47.8663682,"表: wms_weighbridge_info   字段: receipt_code   字段说明: 入库单号   业务含义: 地磅称重后生成的对应入库单据的唯一编号，用于关联仓储入库业务。   关键词: 入库单号,入库单编号,单据号   同义词: 入库单据号,入库凭证号,入库单编码   示例问题: 入库单号为RK20231001的称重净重是多少？查询特定入库单号对应的地磅记录。   业务领域: 仓储物流/入库管理 ",8889800f-4df8-4846-bc33-48fede118813,NULL,NULL
527,5637,车辆满载货物在地磅上称量毛重时的系统记录时间。,"毛重时间,重车过磅时间,称毛重时间","重车称重时间,满载过磅时间,毛重记录时间",毛重时间和皮重时间间隔最长的是哪辆车？统计每天上午称量毛重的车次。,仓储物流/地磅称重,0.9500,AI,2026-08-12 09:26:47.8664963,"表: wms_weighbridge_info   字段: gross_weight_time   字段说明: 毛重时间   业务含义: 车辆满载货物在地磅上称量毛重时的系统记录时间。   关键词: 毛重时间,重车过磅时间,称毛重时间   同义词: 重车称重时间,满载过磅时间,毛重记录时间   示例问题: 毛重时间和皮重时间间隔最长的是哪辆车？统计每天上午称量毛重的车次。   业务领域: 仓储物流/地磅称重 ",b53c4b1f-98a7-4625-90b4-f17cfa226777,NULL,NULL
528,5638,车辆空载在地磅上称量皮重（车辆自重）时的系统记录时间。,"皮重时间,空车过磅时间,称皮重时间","空车称重时间,空载过磅时间,皮重记录时间",车辆回皮（称皮重）的平均等待时间是多少？皮重时间在晚上的记录有多少？,仓储物流/地磅称重,0.9500,AI,2026-08-12 09:26:47.8666596,"表: wms_weighbridge_info   字段: tare_weight_time   字段说明: 皮重时间   业务含义: 车辆空载在地磅上称量皮重（车辆自重）时的系统记录时间。   关键词: 皮重时间,空车过磅时间,称皮重时间   同义词: 空车称重时间,空载过磅时间,皮重记录时间   示例问题: 车辆回皮（称皮重）的平均等待时间是多少？皮重时间在晚上的记录有多少？   业务领域: 仓储物流/地磅称重 ",e3a77551-ebd4-47af-85e8-9e73427ea8cb,NULL,NULL
529,5639,最后一次修改该地磅称重记录的系统用户ID。,"更新人id,修改人id,操作人id","修改者ID,更新者ID,最后操作人ID",用户ID为1001修改过多少条地磅记录？查询特定更新人ID修改的异常数据。,系统管理/审计日志,0.9000,AI,2026-08-12 09:26:47.8667950,"表: wms_weighbridge_info   字段: update_by   字段说明: 更新人id   业务含义: 最后一次修改该地磅称重记录的系统用户ID。   关键词: 更新人id,修改人id,操作人id   同义词: 修改者ID,更新者ID,最后操作人ID   示例问题: 用户ID为1001修改过多少条地磅记录？查询特定更新人ID修改的异常数据。   业务领域: 系统管理/审计日志 ",27652aba-9ecb-4018-894e-e02bccec6098,NULL,NULL
530,5640,最后一次修改该地磅称重记录的系统用户姓名。,"更新人名称,修改人姓名,操作人姓名","修改者姓名,更新者名称,最后操作人姓名",张三修改过哪些地磅称重数据？统计各更新人修改称重记录的次数。,系统管理/审计日志,0.9500,AI,2026-08-12 09:26:47.8669243,"表: wms_weighbridge_info   字段: update_name   字段说明: 更新人名称   业务含义: 最后一次修改该地磅称重记录的系统用户姓名。   关键词: 更新人名称,修改人姓名,操作人姓名   同义词: 修改者姓名,更新者名称,最后操作人姓名   示例问题: 张三修改过哪些地磅称重数据？统计各更新人修改称重记录的次数。   业务领域: 系统管理/审计日志 ",5cd00f4b-c632-4680-914d-7ed53b7fa67e,NULL,NULL
531,5641,该地磅称重记录最后一次被修改的系统时间。,"更新时间,修改时间,最后修改时间","最后修改时间,更改时间,数据更新时间",最近一周被修改过的地磅记录有哪些？统计每天更新地磅数据的频次。,系统管理/审计日志,0.9500,AI,2026-08-12 09:26:47.8670662,"表: wms_weighbridge_info   字段: update_time   字段说明: 更新人时间   业务含义: 该地磅称重记录最后一次被修改的系统时间。   关键词: 更新时间,修改时间,最后修改时间   同义词: 最后修改时间,更改时间,数据更新时间   示例问题: 最近一周被修改过的地磅记录有哪些？统计每天更新地磅数据的频次。   业务领域: 系统管理/审计日志 ",7b1745ac-fa0f-41af-8d84-6530d6c7b307,NULL,NULL
532,5642,标识该地磅称重记录是否已被逻辑删除（0表示正常/未删除，1表示已删除）。,"删除标识,是否删除,逻辑删除","删除状态,作废标识,是否作废",系统中有多少条被逻辑删除的地磅记录？查询所有未删除的有效称重数据。,系统管理/数据治理,0.9500,AI,2026-08-12 09:26:47.8672019,"表: wms_weighbridge_info   字段: del_flag   字段说明: 是否删除标识：0否 1是   业务含义: 标识该地磅称重记录是否已被逻辑删除（0表示正常/未删除，1表示已删除）。   关键词: 删除标识,是否删除,逻辑删除   同义词: 删除状态,作废标识,是否作废   示例问题: 系统中有多少条被逻辑删除的地磅记录？查询所有未删除的有效称重数据。   业务领域: 系统管理/数据治理 ",8922d49d-2fd7-4e43-8854-2bf03ef3ba58,NULL,NULL
533,5643,针对该地磅称重记录的补充说明、异常原因记录或其他附加文本信息。,"备注,说明,附加信息","备注信息,说明文字,附注,记事",备注中包含“异常”的地磅记录有哪些？查询带有备注信息的称重单。,仓储物流/地磅称重,0.9000,AI,2026-08-12 09:26:47.8673380,"表: wms_weighbridge_info   字段: note   字段说明: 备注   业务含义: 针对该地磅称重记录的补充说明、异常原因记录或其他附加文本信息。   关键词: 备注,说明,附加信息   同义词: 备注信息,说明文字,附注,记事   示例问题: 备注中包含“异常”的地磅记录有哪些？查询带有备注信息的称重单。   业务领域: 仓储物流/地磅称重 ",12d42583-2507-45ea-89b8-1485ac01d409,NULL,NULL
